id,user_id,balance
a73bab06-1baf-4605-a79c-54a43603c0d3,da7da4ff-f10c-4b89-ab64-ea7263f6b624,5130
6062f766-5313-4521-9c56-954185b85362,8c874087-9f1a-4c12-a4dc-4a4e53282b8e,9860
0617e6c3-11ee-4429-909b-5d30ac65987e,8cecd1af-6c38-4186-9fe7-ba1cf15a7379,7977
08f57648-0761-4877-a889-d8842695e1ad,11082f02-d942-4ede-893c-0f75f36d4388,3468
9f7073b8-c2a6-4aff-9446-f4b629e4085a,718b5985-6df4-4367-aff0-edc1bd90d66e,6502
69353168-a74a-49a1-964b-7afe981886ce,7e92ce5f-60d3-4224-b4b2-c9b29e73de16,7075
370ae024-588d-4d8a-bf1b-c8679f22f930,4d8535e2-0e73-4e8d-8014-cf5c59df2d30,7142
23993893-1922-4253-bc8a-5ca8004ee28b,2172de88-9b32-4321-9461-8b8a5efeb7e9,5258
43871cb4-d40a-48e2-bb55-df919223b215,11dea91f-e5d5-4784-8f71-59c202a168cf,876
6446c5e9-c228-4cdb-867c-2ae4fc929ed5,4476e275-2d9e-43f4-8bf2-58c51b93ab84,3299
939f9ef2-f183-4831-859d-de11e8d5a970,33fb4383-b297-4856-bc8c-4344cdb62fd2,2942
fe792dba-3325-4430-87db-e0c106422e22,ea014d73-739c-4a6e-9001-90cf508fdbd1,5846
6e93a2c2-0cb0-4948-b33f-26c5ac550731,97d349ae-73b4-4355-b992-2ab3b2453fd9,7842
d9d8b984-80db-423f-8296-4461d3ddb64f,3bd798bb-d14f-4c54-b858-9293d362be6c,6407
bc2bf6ac-5098-4ba8-9146-df4fb50cc0df,dda9c5c6-ed09-4a69-baf1-b726670cc40e,7935
0edefdcf-8609-443f-b97d-dd2931567415,c28ab91e-cd3a-4ea3-9a34-85180d4dc2e7,2331
278062b6-37ec-4874-a096-58ed86373726,9aa67f48-4040-44b5-af8d-a420a8941d73,3150
8216fbb6-3dc4-472b-a9c0-4ed171f34156,47b99f4f-0a13-4baf-81ee-d27f8c1b3465,9631
e0580ca2-30c4-4055-8892-da91dbe36245,c1b3d3ef-b9e8-429e-9fdc-d0fa7f2ac809,814
af59e6d2-7571-4b4e-912f-a8a6d4fc1fb0,76bd6d32-482e-429d-91c8-1c0d75567422,4407
b5031c11-a5d8-45ad-9204-507df4dc2a5f,4b2e2c07-6ddf-4334-8063-1aad30dd1234,1815
a81af00b-5739-418f-8a10-cda7bef665bf,66a19935-3734-4919-a271-54ef082b5357,135
645b5f57-ac07-4c39-bc36-7824b172ce32,ede252a0-1c13-4b41-86bd-872784b09616,9227
84ae534c-1126-4dea-9192-b8e8da982e90,6b7b0f6b-35c8-403c-a4b0-9bcefb738821,4738
9e7d2dff-b925-4ac0-87ea-87f1bbb188e5,e01606ac-5034-4863-b228-dfd3a8f2af8e,8282
c1ce8e1a-6e48-4a45-a44d-b8c1f64ba1a1,e2dd9961-f8d8-487a-9743-a6d5885f68fc,8398
d1e6c9af-81a9-46ac-aae4-8b4d1a366f9c,f22d00c4-4d56-4067-a8a8-544f33216c85,6784
4556ac16-07a7-4908-bb00-21eb2153b784,fda20df8-dd90-4ee4-ae69-2333f864834d,7968
3020bcb5-2299-4537-9e49-d08999b63560,524868ea-eb82-4344-ab9f-a90d3aeaf69e,1737
5cb99779-92d8-412c-bee0-66d83b59f749,3ab1de67-da13-4b26-8ebb-f347e26d5c25,6864
f7cf8ddb-1e61-4a04-8827-6c5d5242a54c,213eddd4-3229-4fec-8c49-92316c3cfba0,8336
bc0d18b8-085f-4a4a-9651-7a5d34d6a858,59d9daeb-c413-4a46-999a-cb2dea1b1a33,7744
2aaff808-8ef3-4347-9e80-96d384fc7557,d6b3cc3b-1008-40b0-b41e-386977303677,4196
ef8979a8-111d-456e-9cfb-7b54cd2c82a1,7ab25bee-fb5b-4ba8-98d6-de91534aee0c,6671
56c997cc-1908-427b-b049-49774e1b27b8,0af9d041-b217-4b9f-a0f5-e9ec351bead1,3192
9fe96583-ce14-43f2-9fcf-684318b472bf,a438c599-98ea-4159-982e-b9634cb34b55,7577
ebde23ab-0226-43c3-91ec-5ba1b8c0ea6b,7d80e010-dafe-4d0a-b843-0b5b26c511ad,4793
291802c0-07b8-432a-9aa8-bae96efd414b,2302d802-5301-4969-a29b-1a2ca382025b,2532
7d387d20-0876-49ab-97a9-7cf30ff080bf,3557da56-36a6-4a4d-8b47-b06e734ea2db,784
bb561e59-e668-47d3-9937-d0ebfc7f41c2,27bef802-ad7c-4a81-a56d-48349fd61d77,5047
4d7cfb98-d84b-4a1e-b6f7-588fceb1c17e,64e0e9ef-9993-4516-a586-60d6bce6351e,6893
99945df6-b64f-46ba-ad3e-80582d1ebb78,0a7a5161-cd17-4b88-ae56-01a37b88a217,5306
2aa3000f-8148-4148-908e-ba7deaf9da01,1684989d-0078-49d6-9cac-489b0e508c6f,2023
a95dcfdb-fe39-4eef-8468-a6c0a975954c,00a4c64f-951a-4d24-86d3-368c29b3a1bc,3141
76a74981-8ee8-42a7-9803-7b7ed2087b70,0ea86bcf-d8f3-46c1-888e-2e3e88b90cf4,8499
0ee28599-ef95-4556-8a3b-89effcf2c9a8,10122452-2e9d-48b5-9c4d-8a9e00a6f7b8,3212
72c12231-95d7-4861-b7e4-f87a319bb2c0,82c8518e-10bc-499c-a102-d04fe6c8b618,7665
d28ffe7f-4e46-400b-82ae-9cc78b19ee07,9e6d214d-a927-4653-a371-3c7f4da39369,5271
c000dedc-6fa5-4d79-8542-bcdf65259d24,b4ec7a68-4e87-4fbf-882d-77e6ceaf934e,9281
a6dcda23-d9f4-4b4d-9582-b5528a03ecea,8c27365a-f9fa-4ffe-9ea7-d7875ed347cf,5594
0eb529cf-83ed-4a4d-8a12-7f17ff7c9238,52487f7d-89b9-4c40-973c-566bee3852de,2357
de391b10-f571-410d-9c6e-a0b4aaf22b6b,f63c28bd-8a62-4ac8-9217-5041f2b0890a,2578
de51ac68-6d80-4ee0-ba94-2c2e46180cba,1029065b-0b61-4fef-98b4-0cf2a26a1a8b,5595
9c6ec504-4411-4016-b48a-d4e6cf4e7213,bc27384e-2a00-42dd-b8b1-ef4919759bbc,2527
5147f26b-5cba-4a4c-83fc-dc4a890286d3,cf9f59bf-dbe7-4c69-83c8-6bc2c1369e7a,2361
c8fd1ec3-eedb-49dc-8ecb-4fdea3ec7c3c,63af3dca-d9de-487c-8b20-28bd719079b6,3974
03ea774a-02f6-42f3-bd11-8c55289b52ac,4075ec74-8edc-4847-b7e0-c321151854ed,8837
98ee997d-efe8-4e10-9e12-5c471cdd617b,c2980960-ebdb-4828-8ec4-c2934a8426ac,1870
fb149bd1-6c12-4c1a-82ce-fcb89c3a93d4,d15bfcba-b691-4ac3-90bd-91ff666adb32,8319
80465312-8ed9-44e7-a05b-06db5665f75a,b8ffc7e8-a6c4-48ce-994e-804c03739200,7147
57368074-47ec-4b01-bcae-5719b6e760dc,aae661a5-3f74-4cff-97bb-ca2a9e4a11a7,2384
a9ccf59e-6064-4dcb-9501-1b9d26d6d2ec,72670de2-09f0-48a6-b14f-d5b4356ec303,9421
7693df26-d225-4e04-be54-1c0b76791d2b,9c74e550-5f49-4c47-b4be-f43b59ff7460,8660
1ce62f70-3bc2-4daa-b5ec-f45811c8694f,05bc3324-0a93-48d1-b60d-5fe8e2922e8c,2811
8cca811c-3c21-45bb-9101-456ef5d733ad,ebeebd4a-a6e1-4104-8698-c477afc1b1b4,1539
7eb7ab79-b183-47a0-b1b7-a748005af1ed,539c5061-f3b7-4536-a483-6664f5572847,1941
edece92e-9d13-4bb1-b8e6-5bfc45828730,502a699a-4fcd-4c06-8a01-9bc9fef75af7,929
420f7a2c-4647-4718-ae58-73ff7207303c,53a8116b-0565-4251-b4ca-12b8a8e2d1a3,8657
43691d4a-b6bf-4d53-81f1-fdf425e63aa1,aa06b95e-7038-43d4-b62a-3c5a683c1472,9482
5b7e7a59-8c97-420a-912e-233d0ccaf8f8,30b82c08-5b84-484b-bafd-a9d92d16675b,4938
f40272ed-6bbb-4e8d-9a84-87de39e227a4,bc058351-0caf-4baa-a28b-4f9172cbeb7b,2566
36427629-601c-40e5-8cc6-8ed3a2170e9c,428020b9-ad2d-494f-a140-72c50e5fb756,6441
87ad6af1-18fc-4897-bb34-90bf6cc23202,6aae0791-cc7b-4deb-a72d-d3f490e59136,7594
8a8318e1-e5d7-4bb8-9ec9-1e802043c081,5ea0aced-7849-498e-b2dd-dfea211f1c2c,9212
2fc70527-21d4-49a9-b924-b0d5970c4a60,acb31b15-140c-45cd-a70b-87601db10d81,6987
9e1588a9-441d-43b1-98fd-074030144595,1f171117-6f45-4623-8396-9cc57a4c959b,3952
81881ac6-4a3a-408b-9305-728ee960a17f,8b82b4b7-349d-4ddb-87e8-b3462c965f09,4003
4f21db24-49bd-47f5-a8fa-2307c56f8b99,f55f5097-0f3b-4f4d-9bf5-a07129a72d3d,8703
a0b55862-5332-4807-89ec-21cbb90a06d1,07c382df-8067-4adb-8cd3-c55ffa6e2744,1336
f462b8ba-da12-4bdc-96f1-652075b343a3,db5d3f7d-2f6e-4485-a029-44f3843f6d87,7848
c7a43505-1f4a-4507-8ee8-bacdb5fc0749,6a759b40-025f-4bfc-b5a7-9b5ab0a74088,9463
df3bbede-f130-4105-b26b-776b33e63ce3,b0a81e00-0224-402a-b997-96a7995189d3,4404
f6b14fdb-a1e2-47c1-8a8a-227ca15186d4,1f9b0618-40d9-42e4-927c-019e8a56fc82,8443
bea8f039-2f85-4de4-8cd4-31a5e81e99c5,20818544-dff2-442b-9f2e-51ebd6b8c94d,1603
bc9693ed-b5a3-4584-9ccd-69502327746c,6e68b3ef-bcec-4642-83da-8bf2b13d5248,3380
85bd985b-1787-45a7-b3e7-03d7c8926071,fedb665f-a3ec-4f7e-a146-63577ecd2940,5038
63055311-9b36-4a55-8e5c-0025e1c1af7c,14b30be4-360d-440f-b08a-3536d0777a44,131
4788be47-afbd-4c0f-9511-03126b8003fa,2a8df1e1-3c9b-4bea-8e25-4d3f922e9776,9975
a9b0cae8-f0ce-4d2f-b8f5-cec95fe6d189,cdefa942-58de-414b-afd7-1ae3ebce207f,3747
bf59f71d-b15d-48fd-93df-2aa03d006408,eb5b8c24-4e58-4753-a2e9-c53c7c18132e,819
a9c22cdc-3a79-4962-a05a-52a11c65b594,20bc350d-df1e-4dc8-b1cb-04192bdd804d,3438
44614a9a-b8e1-4222-9240-3a7ebb2d58eb,f860bbf4-8257-4777-ac5c-76ef977ad1c2,7092
669a165a-b7e2-40b8-8c7c-acdfa667290c,e26e777f-f38d-4bc6-bfba-421df30d585a,5445
ad3f01ce-1646-4385-b29b-6082c8803db1,0b0f3bc5-c1ff-4d96-974b-23dee671bf47,9351
942a9bd3-d13b-446c-99a5-6a3fad2fd550,9ff2906c-9114-4140-8e53-a3455105b3a1,464
3365ed76-83a1-4505-a848-5622bb6491c9,4869e331-9109-462b-acf1-3459cf229691,9292
3196510b-8c1e-477c-bb96-3cc9833711ee,74cb175d-cc92-4e43-8028-047ee13e2138,869
af3f6347-7160-4bf9-8662-58464f3fd810,c6574401-4feb-4f43-b695-a198512f914b,2969
38857cfe-af0f-4012-97ff-876d770d30b2,13dd0c21-4c72-4ca7-8c3e-7673ca1b9bff,1272
eb96c196-3189-4be1-8b96-e71b0084402a,3577b88b-5419-4768-b980-144362027645,7529
cfa678ec-ed59-46be-bc34-f3d91680e64c,4b5eb262-c25a-47f7-94aa-7de022541f41,4184
33f62d38-7625-4ba7-bb14-a5943d0df689,bbc239f0-871b-4d2b-a82f-5595ab57b499,1214
82cf788c-134e-4e20-9bb0-621836e4f4a2,60b5a24b-2d28-4f4a-9455-51af83a495d1,1017
303f7b3a-1b34-4915-ab15-1f9d50c00ffe,c120d2df-1b11-4658-9bed-824caf1db0ec,845
cd4aad64-1835-4f30-9274-087019da6214,a8584c7a-79ea-4887-ab86-7643919e909c,554
a8e19561-86a0-4408-abfa-8c2c61fc1ca3,58ebb6f4-5665-42ee-8930-0ccaadcdb1e7,7224
6e562038-050b-4a10-b3be-8535110be271,eb252210-494f-4089-8823-e4d2fe6bef08,6849
a7997ccc-245d-4cb9-a108-a95747c9581d,f3bb0f48-d2f9-4fea-9446-0fd36e2d11f1,7061
ebcf621e-712c-44d0-b648-f6f2ce01e7fc,7d287770-2c41-4044-aeae-87454591da44,2041
d96cdd0d-7199-4e6f-8a10-f155dd63320d,8528c870-c516-4ec1-8b6a-cdb9bee67f9b,8366
c948081c-17a7-46f6-919e-84fbc1155556,ce862cbf-aca0-4f27-9c6a-486f3fa3e353,9547
9091772e-5a1d-4e88-8791-8915c8b8f93b,68995bd8-bf8a-4c21-9bb5-3782a1df78d8,2464
10425a0a-19f1-46d7-b012-93d79c8cce27,3a6ebb30-096b-4222-9f89-2ee411bb83a0,7858
c586f8bb-55e1-442b-9655-f38376c140d6,21ae3b1d-9092-4041-adbe-5a8c8b0a4bde,4077
b8646b6c-4ec8-4beb-a1d6-fafd2bbb7ca8,92cc9302-1310-4db6-9509-95ab802d8913,8358
fe083e5c-f155-4c91-90ff-185fada4ca5a,72c2909f-5076-44e8-8e11-c0a8e5567ddd,8344
2565842b-4cd3-4816-a6b2-63a12258bc93,47091f4f-6285-417d-835f-9be4ea49394e,6591
6864fa84-f9ca-4018-8716-2892e8d68751,6630a4b9-8985-4255-83e5-396e045c0732,9923
94c9d474-abcc-4e4b-990e-32aa2fa35d51,f8e7687b-7feb-4b39-a65f-62a48790cd29,2861
e5b61b94-3c5d-4626-a618-cc80d2ed564f,2aaf6ff4-e3f9-4f77-83c0-f539a75bcbd0,3134
1b305384-bc26-4e73-be3f-bfb9e02aa395,bb2d40e6-39f3-44e7-a9b4-b9a014810f99,9766
e1058029-fc27-4c09-9626-49f2f81dfac9,0082be31-5c3d-451d-90f0-06d4a5ebf9c5,1384
390c941b-ebf2-4353-8945-a1370db505fa,73a00556-b0e7-4ea6-bfd8-857611d38ce9,8136
88e6f979-a353-4cba-9a35-82a3652a5069,90dfdca3-e0cb-404d-b867-869427f1a430,8196
94b3f4e9-34ab-4d85-96b9-7f2ff85bc4ee,70b7a416-c296-46b1-a0c2-b1fc963b33f5,7219
8c17aee3-10a2-4771-96b3-3510b9dda597,8036cf84-e5d2-4cbf-a9fe-572d2e0e277d,5094
d72792bd-1a86-44b0-891c-048094be7f6a,4c5e8484-4352-4359-8b00-dca3e0a28cf9,967
67fb4bad-56ef-4c6e-b8fb-ba44c05fdacf,bfc33de3-9b02-41a2-a0de-c13c9e73df31,7471
70d92845-18cc-481c-911f-c7f04588796c,2450b031-a8d5-4c2d-88e3-acd6932913fd,57
e5f32fa3-3e84-451f-8f38-3f0aa41528ca,fcf0b944-96e6-4a53-9e75-51b8d3878746,7697
5832fb76-c739-4e67-9a6f-375116b54481,6f74f2c4-8a28-4a06-bcf3-821206a93a07,4829
88c737ba-40aa-49b1-b0cb-d70f7056c7e7,6f4ecd79-e34d-48f1-8756-025e7372f923,7288
1a2e7fec-5ec3-434f-b78e-dccbcda53625,f6860ab2-d481-42b1-bd59-cc1e22c0c88e,4668
1c8e81ca-b350-43c6-b8fa-c5017fe620f9,091232c7-f6b7-47b5-add6-1a74521544e4,7287
8105e099-bc26-4623-ad6d-cbdae74f152f,ddd344c4-bbdb-49b8-ae51-5da2205478f3,675
ee304e5b-9f3c-4451-8902-6d704bebec43,6f15f89a-3b71-4800-84f0-f41d434920d2,9336
8e30cfe9-fa20-4a2e-99ba-e770de69b84f,ca1f87bd-95ff-4449-859c-20a750cff7b7,2471
9b33263d-a688-4bfd-9109-c17ee6293740,de4e77d4-322f-4423-ba26-3eeec5c00e01,1359
ffab674f-5c47-4575-a141-27fa0bf7ef9e,e514f976-a9a0-4399-839a-9ce8ad783bcc,8061
51dbee07-c696-445a-927c-ec733ef46e11,e3db35bd-3a2d-4a48-986d-bfba9d61b66c,8603
71e52804-51ea-4398-a30e-ec5386650e18,8c6cc7f6-86de-44c7-9b65-7417317f8dbf,9735
ca3ca8f4-c3e4-4a6f-8f7d-7d29fa4c63b9,c4cca526-a9f0-42ec-9496-9e430957b280,7593
9ae6e134-49e8-42ca-bd87-ea603249a0d2,b1de0e3e-77ee-473d-b028-49e9e4ee20b2,1201
809ebd3d-61f3-4a17-bfb7-02d5d2bb67a7,c13bc5df-b9aa-4a7b-a90d-e9fc0487831d,9037
59a09654-2204-4f40-8656-90c01d13111c,84e99295-1a34-4e9c-87b9-e602d56c691a,1956
b2f9ffc3-071e-4602-a563-d9e4f8cd2096,9e1fa892-e144-43a6-bf13-e189d3a51bfa,2575
52636828-d0e8-4f74-bd73-acabeb853222,eda55399-412b-4612-9870-f9fb20227753,8350
24291936-1a95-4bb6-b1fb-1f4c925bb2ec,43ed9450-106a-4faa-bd98-f135df88de64,5587
e0bf6d79-9304-45fe-a5dc-5296b69f02c7,cbf1d3c1-c258-4854-9c44-a04617556483,307
1900a7a3-57eb-4670-9c9a-f0f1da6802ba,1ec4e482-9d2c-4f34-9bc6-5a8dbfc473a4,756
a9c662bd-5106-4c85-826b-001f7b72ebe1,0129f81d-9266-4895-9026-429fa1cd8abd,8672
d28b59f9-71c5-472c-81e4-98f5aa89f1c8,f87603ca-b622-4b9f-b89c-71cfecda19c9,1031
3e01ff71-1185-4581-9ce7-358c3952272c,8587df74-996e-4db0-a920-100100728798,3954
b1a029ba-1d14-45d9-8504-2099b3b29013,ac02e863-2fe7-43a4-b51a-98b4535c29f8,7159
179680ae-7b15-4e68-8771-774f69423f3f,0a9aabbd-87f8-4043-aa40-2825dc1cd366,1372
deb7ccda-d9b1-4473-a7ec-9efc64a5dbd6,fd008ce2-f360-4f59-b8f6-3a9de020b612,121
6ce88cc8-aaf2-4566-b5f2-a448d195122b,12cf8f28-5303-4f83-8a64-8ab5ad9d0858,2715
b798b39e-ac5e-47c4-8f49-10993513e094,b96df657-51ac-48b2-9e2a-349589df98a0,2343
2f4ae48c-b66f-4d1f-9ad2-c0db40c9bcf2,3c7bc8fd-0771-4c04-a6a4-bb2455aeaa95,9493
361c4b10-d137-4d95-b0c5-db6950bdfc19,acecd88f-30c7-4c4e-bbb9-9a2cc263ff49,874
a6949af6-e470-49d9-876b-2fd360e08e9b,ff528cbd-17c9-4454-bbdf-7ed74e7fbbfb,2291
cadc4ebf-796a-438b-b0f2-cf840aa73f4b,5995254d-202f-438a-8ae4-346418758bef,4489
a57093e6-5bd5-4bd9-88bd-b5df3ba96d60,c8f5c99b-0667-45de-8c7f-ddeae4d48470,5668
77d9fc19-1a55-410d-946f-b9b5dfcc9146,99acf7ff-19c5-4d06-a796-8db28f0b2ff2,5707
1a12f875-1577-4a95-8db1-638c56521c0e,e069a0a9-c147-4df5-aa63-d3704feaf4c6,6241
73787d7f-f35a-43b8-aca2-398e07ee4408,d89eb1a2-ade2-4004-9528-9ccee344e3b9,1698
6ee96a4a-f08d-4bb0-818f-3adbb2d10c1d,1627bdb8-f1cf-4a01-b6e2-c2452aeadfb5,7399
b99030d6-920a-4dfd-b256-6daa9d6b279b,2da1d91c-e490-487e-a8e9-05399929614f,3120
5bd483d6-d51b-42d1-bde3-91ad25caacf8,1602286c-e1eb-4ec6-a0d2-360d8b6e3deb,5291
b59f8bb4-0770-4f4c-b3d3-2760618923d8,3d0b483d-2acb-474e-8df0-6c754d88d3d7,7653
f2725d1f-b3ad-4d28-8d17-650acf3c1cba,b63627f8-90b3-429a-b0be-dbc8d8e82359,7324
159ef5ca-ab2c-426f-8f5b-ec1788b94adc,2b29fc27-31bc-465f-aab6-3cc9ae4dd1f3,2885
17e250a4-1d14-42c5-b0dd-16762a2e5a11,bc0277d1-0dbd-4622-9a4b-0f1bb1db8c54,8361
8927fc11-85c1-410d-80d9-15a5995178bc,fee7dbf2-ec55-4317-9b37-2fb2a3da6494,2977
7bcc11c2-d864-4529-98e1-021b9e346ec0,6ba4cf0c-6056-4ef8-902a-99eabdf01ac2,4262
b24df86f-bc31-4be8-88d1-423f89f55f7f,8b07ef7b-7b3c-4503-9c6a-9bb043e0180b,2031
4479e2c7-b809-4e38-a05a-012fa8b86f43,c1bb5dbb-e096-4cbd-b1cb-9a68f77d9935,2804
77bb7fe4-f3ec-42ce-b82c-d8aa1dac6380,ea1f1350-8d23-4268-91c1-e4585f27abad,6402
d52c6dde-c0ce-4ad2-b5f4-7ff6652e311e,cf650863-7e78-46b9-ac75-4d7c95014355,8777
e6f9f075-43ea-4dfc-ae3c-4742375136b2,9a1f4a5f-0978-4053-9acc-57c243373181,8530
481f52e2-6bca-4c69-a2f1-170051c31431,f9d6415d-38f3-4e6b-be19-5baf58993fde,7816
c113d85b-7bae-476f-9a05-8b4bf49edb11,6b34c902-7782-41fd-bf91-4899b827bf71,5111
1cab9821-a92a-4c79-80ea-bfabc382d9f7,80f4fa1d-85a5-410f-944b-a8fb53f73e58,2116
c2a58a09-39d8-4d80-9f45-184763c14662,ef129ce7-0710-4cc6-a2dc-cd3ab237e95e,4864
0aadd85c-b1d0-4b83-9a51-fcb25eb24d49,6c4280f8-9a54-442b-af3e-411cf863354e,2879
72ec0a60-9f55-46ee-8310-a8f4df1dea0c,aac445e5-e657-4dee-990c-4ac461b7997d,4245
f7c0307c-2503-4e6c-b9ad-050633ca902b,ebf7286b-5ccc-4ea6-ab27-3b5f99a049fb,1775
7a62069e-0f4b-49d8-9a4a-f0e224d8dd64,f3d1b9f7-7b92-424b-9d58-f34e7fa8e147,6145
5dd9d1b7-ac82-4a9c-bc4a-90ab5281b2dc,148c9441-e621-4388-a2e7-edee6870d559,1524
2a393f7b-8985-40b8-a975-82ce1bd43803,604bc270-248c-40ea-a8aa-d6434524aca1,5990
2e843062-4906-4894-bbca-62f998c89ffb,b81b4691-f244-423b-beb1-1e8d43a4d68b,1995
17ebe0ce-d608-489a-8420-241316464e12,72de2f2e-0015-42c0-a654-f0d46396bf65,6203
ac35608d-3d66-4427-a42e-409ac255fafd,63f39556-45d0-4653-98d8-241dea1bf6ff,5726
37e46930-cbfa-403c-ab8f-0cb1b981b5cb,570e8966-bd5b-4666-b999-52078ca59b94,2688
12fe6259-d322-4b7e-aabe-139f2ec8a577,78bf13f4-5fed-4314-966f-87c172705be8,3304
a5cc56e0-3362-4372-af27-6df041ac353c,4a45cf8d-4bd2-48ad-9ef4-5dc83b3819dd,140
16197618-9db0-4be9-9cda-c5d9105a7ec9,c517d9fa-04b9-4cbd-a141-4b7ff8c30ba6,2838
8fca89a5-1b94-4799-8005-4fd2ba630519,8d8b50f3-59cd-415d-a9d3-4f18ea676ed5,6640
4e5f9c0a-ba95-47a8-8903-2922bc0c78fd,ce6bcfb1-376c-411b-9452-61db3139e159,1799
d0220da3-8f9e-4b9b-8d5b-f3dd63783d2b,70690d59-9085-4650-a878-9e0ab0a82f36,5557
2a98cdce-4ff3-4e6c-8d3a-cba9e27be0cc,6505faf9-d2e6-449d-bd30-2d1898323aa5,9871
a023261a-4a8b-44f4-89e6-b4d3c731c4d6,1ee46277-1c86-48b4-a4a2-bb560777e0d6,4711
daf00550-4db6-4320-9897-cbdd484708e1,1a410009-4202-4db8-a5c5-d1749ba1c8ff,4450
3ef963a3-ae4d-4678-b42f-c879a18b66c3,bf78ed68-cbe8-420d-aa29-cc619279cd86,5121
c840584c-7813-4cbe-bcac-5a27fe59e259,8d930955-ff48-4c76-b724-06a0ab9d34d1,4753
18a09e7a-f23b-4411-ba84-ae055094f170,59ce9583-0096-495f-9c73-8beeb2d1de33,6227
f2a11fd0-c2fe-443b-8019-4a4b2ffcc818,0e4e7177-95c7-4c6f-93d2-3e6a8f8fd2d5,3085
bd399f23-c7aa-4f12-a03d-177cfd214626,d961e80a-9607-4b12-ab7f-94bdf2dd67cb,7585
fe7d581d-d446-4cbe-87cd-13a79c4c706e,1359b1d0-a269-4f09-8900-add80f8fc18d,9118
595686ac-bb22-4485-9c0d-94c4e9c141e7,13f7c810-fe95-419d-a080-b38d0b6a087c,9317
39453357-451e-4962-b102-c82e540ea619,3a61305e-8507-4d7b-8f20-ee48aab87f1a,8758
14695074-631c-46ba-87c3-50ef2c16fdd6,9a602d5d-ea18-47e2-926c-977ea8ae8b36,691
35c66321-62d9-49bc-8550-a911d88de6ac,f5cb9a7c-02e1-40a3-8477-d5aa02aa1001,5181
3382afb9-4803-42ca-acf7-285e53903109,5a782a54-a1a6-47ec-a3e3-3a2b9b234b99,9602
15dfa518-330b-4e87-b7e9-c660af4ae40d,e992647a-2bfe-4826-aebd-af0eaa8566ad,5518
95de08ed-ba6f-471f-8ec8-8f489b5617dd,851015f0-0b71-432c-b159-16039ef4e0f0,7213
dfef391a-7778-410a-8ced-e521a837bea9,b95222bc-1cab-491d-89a9-df3d7613a284,5973
5da3a3a8-8ce2-4918-bbc7-18cdb5cf0586,0e299586-b1e7-4f38-8f20-515051bf9816,8111
c3a0604e-f804-4636-84e0-35fbbacf7c78,46335d53-5265-44a9-99f3-01055fb01f9f,3599
80c375ce-ec4a-44bb-bebb-e3258582e0e0,17112149-9bb9-43ac-9386-3fdf19ddeaac,7664
4f611ae5-5710-4acc-a067-41a0bf51779f,22738c13-9ae5-4363-affb-00a35ee7ceb7,9140
ca95cae3-64fb-4e8d-b38d-78873595bac1,7f75491e-1381-459e-a349-581d7cf40b45,9541
e2540dee-1976-4b82-ae94-8f2fae719f1c,fb3a99f4-e77a-47c9-a3bd-6c832c52242f,3103
38413d8e-6080-4917-9d0e-41c8a1582c40,0ed9f915-dbc1-4d56-a9bf-c589eb2702b9,8021
97bcca60-7567-4b52-b817-91daf4c90789,35b26ff5-26fc-41d4-8e9d-6aa490fc36bf,4879
0efdb051-077a-4e85-9e22-5add1853be44,04236f74-5324-4af0-8be9-a74f41f50c12,3631
5a5f24ca-6208-468d-9856-9aa363edfba0,f035efe1-1f79-4bda-8565-81925d49677d,2774
c5111c95-2403-4fec-ac10-421fb2d8a05f,f32d387f-9bc4-4b43-974c-57104bf3a270,9691
d4f881fb-5cd5-41d2-b55e-5df001594624,6d40a1a5-1b9b-40c9-a048-38512524185a,9868
5f00501a-e60a-47c8-9d43-2efc26fb21c0,f837391e-0511-475c-8f37-1554dec72e7f,3342
6159558c-34f1-43a8-a441-8e8a220e0449,e4dd3b1a-6834-469b-8b7d-b9c545844a8f,4932
e653721c-8839-4e17-830a-725046c19912,431e4364-5b7b-48fc-91e5-5a6fa175c177,2886
42badd1e-39ee-4d96-be99-80b78fea2dca,78b070bb-275a-4459-b283-554fba2e8ca9,3741
22f9d747-c722-4634-974d-79c1ec4d51eb,b9c61909-0c78-4b4e-a105-d487084b1d8f,5680
89fa7781-6ddd-4205-996d-b7271077da2a,f50171bb-5ed6-49e8-8c89-33f7ea0dbd8f,8710
ad8e7d87-620a-4eb3-82f6-3c4e568b4375,b873ccb7-fdce-434c-b25c-1c1d232c6ca2,2603
1e0886c8-d4b8-4598-81a6-ff9439786eb6,24557320-fac8-49e6-bf3f-31a9cf2944df,9798
12ff05dd-b9d1-4346-ab61-0586c63a73c4,0dcd0127-bb1d-47a2-b9be-b571b0160c95,4118
2a0d0589-bf42-460e-8777-9847d67e99f6,045861dd-f7e2-408e-92c0-95325dcd7044,9302
6d264eec-ed0a-4c60-a4a4-3a2ef78f5d2d,9454b632-d73d-4c6c-9202-f17902e9b541,4565
0be03009-424e-4a6b-8f7f-3f71b5b3fd13,5faf9072-f3f4-4ca5-9ae8-11a26cc3227b,8598
1ca92712-5417-4858-9c1e-b1a07024f1a1,4a3fadab-7de8-4187-9831-6a5f6f83897f,7776
f385f3fa-e215-4995-9689-b648157d8f83,fe2b6e28-7ad8-4d79-902e-d7aec3c4e687,2185
673fce17-ef38-4e6f-abbf-fbb906c8c1db,2ad1ec7d-3b04-484d-87e4-05cee94781f8,4359
e71c7d44-a30d-47f2-a803-749abeb01cb1,06df1c2f-d2ed-495d-b629-7b446e7550fd,6246
eb99bcdb-9017-4fb6-ae1d-60051693faf4,5c97f2a8-ce12-453b-b713-6d4a07a40e0f,7248
b66e2a47-bb0f-4b97-a040-07cc010a1b11,2099519a-3f47-477e-9dbd-0a8fe6454f8e,8696
3bb31f2f-6396-4649-8c3c-3dd47bbfd58f,0997679e-4ce3-4aef-bcb5-a8d5b7b65da2,8674
7c4f8856-6e1d-47b6-90f0-099c94ed8bcb,7a019ca1-d188-42e6-9506-f56e3b3b5455,7972
1513237b-49cd-4e23-9a08-286a60771ca6,f9d98839-85b2-402c-98a9-c0bd32d113b6,2348
3c30847f-1a3b-4f27-a01b-2fa2ea8e8e9d,e98616df-8f00-40a5-8aed-a56f6ea222e9,3796
bd4b33d9-8f2b-4fd1-9981-78804c11e08d,ff9903e6-1b07-4c3d-b125-abd1ec1fb77c,5885
29deb59d-df6b-4b19-a866-5c0ec006464b,73a65518-2735-452d-8a8b-7808b62874fb,2941
7b4f059c-33f9-4b6d-a8d3-01198e56fd2d,c721f05d-9653-4347-b2c5-941c843ae118,3716
e8e255cc-8a1e-4ee1-b23f-4c9fc86395cf,912c3a47-6d6a-4e30-a7f7-a2f13aa5ad7b,4136
b5a83393-0df4-4ced-b92f-728034b0d6bd,b1a85fa3-876f-4991-9f0d-78114196d327,9255
daec914b-3746-43e8-8e73-01db62d34928,105a41b2-1bfc-42ec-837b-ce11d6ea2964,6840
4185af6c-9bba-4046-8b09-c0abf745021e,d4028abe-45b6-48ca-97db-6286d764e8c8,1950
0ca04db6-5b03-4c6a-99e0-1ef21434d98c,6e9df934-0834-4150-92c5-57c6dda18db5,9095
8ea8f401-85f2-447c-b16c-a055bd5bad08,5b38082b-7d6e-480e-88bf-c5dc57390a0a,9360
a1f0d4e7-620d-47d1-bb70-3a2a92cc154d,0623f520-2f1a-48af-9b09-c456ec2df5aa,3831
cd0de4c9-7360-43f6-883f-adc883dcc435,db94a615-3ec0-4adf-ac8b-c076815f5583,2922
b619d8ec-8a11-4f3a-ae21-060faaf5d48e,c1168221-0993-4ab5-a985-b51843db6861,905
ef0fd8ef-3428-48ef-8325-fe6f773a0e34,984bf4be-e32d-467a-b3e6-10480358a01e,163
f2cae7ca-c3c4-4201-9cd3-3f83bf5df3ba,de5d402e-ac94-40ce-b0cc-fcd1353f3659,3453
0af500a1-b0b1-40bf-b8e5-56bfcf8976ce,9590f7e0-0bed-43d5-9cca-a82a2d9e9a39,8375
606471a8-a370-4804-8af6-b3d6d5925a05,a5dafc2b-7bb8-4f88-8101-18afa5d835aa,7588
b73d4cd2-4fb4-4a53-a776-b3318e2e8879,d9246c75-5a42-40f6-b657-9c4c11476248,2548
14887213-9553-44b3-b996-1e385896e673,13b99ebf-af5d-4bc6-bd9a-8feef5e40a07,3016
84f59547-d4cd-4033-bca2-a4d59070fd17,541024ce-1c4a-487c-950d-74eab7a06678,2829
555e9392-3ef9-420c-9aca-49d8b8d59070,5f2cda43-c684-40ba-80ac-17e38aa0b074,279
a1b95d54-b4c9-413f-b03b-e972df62aaa7,c3bf9489-4a63-4c7e-ae5d-edb9347a33bc,68
07cf6cd5-1b7e-4329-bbd5-17b14b92f4ea,de1b9bb5-24ec-478e-bff3-5b660a1014b4,1857
a0cc0f67-8b7e-45ce-973f-fb3646d732c6,d3430d3f-a0c4-4150-8bd5-6504978dd4a2,1208
acfeb795-38ec-4fcc-a214-a07e6f0330e7,31bd63be-3cc8-4997-be4c-9f03405f9f10,4027
fc0f5e01-bbbd-4fbf-a2f6-f5412576bf41,8cafb1f5-a50e-484a-be96-3947e31be031,4986
c094e0b3-3025-4d08-b7de-e72b7faeef4f,9875f947-6082-4504-a6be-32b4841790b9,8178
9525f090-e9c6-4be7-9df5-3dc6664f2ab6,3116d4f0-d7d6-4cba-b012-cb58ee1b93ff,9905
9ebca829-66b4-4303-a623-fe2f8d8fbb7d,589dc128-c532-4c1b-9d3b-45b665ae3808,141
9f87d854-406a-49ac-977c-ac6a4c4245db,58e5793e-871f-4d8a-acce-9d5f4d5640f0,2780
7c8c8002-4c19-491c-bbf2-5b27fdd618c7,f49f9707-a3fb-4b1d-92d3-4f6d83562fd2,2017
a927c0cb-d3ef-4e12-bfc9-d2eb344a2a44,ee2f6954-d006-4046-b1ed-6a3cc287507a,1042
2fbbdbc4-6c9f-4cd1-8dfa-2c54ae4e4df2,334d77bc-1318-4a79-b71e-f3258d49540b,7494
55916f67-152c-40a8-8979-6513a4c83c1f,e824bdd9-2ef0-4e78-8f7d-fdf04b1d4a07,1014
1e827d6d-5955-463e-a7eb-3f1641c1f491,caaa7bcf-cee0-4ad1-b5a7-3e5962e4b021,5551
a205a2d9-48c1-4d58-b98c-7f0d6c9bf113,b24c1b1f-c132-4e15-a973-292dee6c01bf,18
2faac484-ced4-4968-867e-e7f47c9d2c25,1dcdf9f8-2fb2-4879-8f3b-9cd22c96e071,4494
6a6bbfc9-89ad-45ef-9556-7be28a157973,8248c06b-9058-4402-84b0-cf8d68393fb5,489
929a9406-824e-47c9-8fee-01989a25189c,762ecb83-105f-4b22-958f-b450469267fe,1528
490e82c9-d2bf-48b0-9793-87da74736be7,64bd0422-137a-4926-a5f3-d2d5dc868ec8,5009
c34a6c65-3162-42f7-bb1c-88b512dd58b2,01fbc6b5-95ce-4af7-951f-6e786e485e28,7202
b94d09dc-8197-46d8-8bdb-c794e0dbb020,28b0ab28-754e-4e22-91b8-e28ab643f238,8787
8370a530-928d-4c05-86e9-15aeb1af8184,6bf977a2-fb77-4a78-94e8-854bfcb9323c,2431
286204d6-94d5-442a-bed7-f8c117c3d944,655e1f92-a62a-4ba6-a793-2b279ee3107e,1771
713cd55e-bf26-4ac3-80aa-9843e0ae9192,7069cf0d-dde5-41b4-a429-42f65af3d5a9,4014
62b7f81f-07ac-4f16-b1c3-de105a419871,9dad8f9b-dfd4-4495-a94a-f718ab82c4ae,6589
7e2b62ef-1ff6-44d3-a34f-a7798fd929bc,29000e70-4bcd-4da7-8d2a-d30c8504d36b,3346
f1192ac8-1fea-4980-a578-1bf6f570b13b,d069ec91-e2f1-436e-a370-13f5047fd7f0,8942
4cb1fcc9-761b-43be-bb65-2d8ad4e13b49,6b7d9ce1-28e6-4244-8f02-25a750f0b088,1597
babc70a5-1074-499f-b113-1cd093992202,a2175a8c-b072-494e-8ccc-8f34bfaef79f,1185
d904ecae-074d-4f2a-a8a0-48f670a55cd8,e3346026-8d34-4a95-951d-81986b51e0e4,3153
3a297c46-89ef-485c-a5cc-946b5d0596f3,34f7a3cc-7376-40af-99e6-93ad0e1d362c,1718
76077d30-35fa-44ae-a3bd-f3154c1aeb93,61c97fe6-7d7f-4633-af9d-7de040d45fa4,1762
b7b93b7a-3992-45af-89b0-0fd18292bef9,1cdd4ba6-7e64-4a6c-87e2-f629214d4a15,6936
92bd793e-09c9-4282-8772-ee56fa09781c,fcc19653-7569-41fb-a2bd-edfa43ba722e,7703
8f33240e-a32b-4b02-9fbc-986d0ac5649b,00da74df-8654-4708-9a0d-4c58ecadd625,2562
4e9aa7b2-a3a0-40ab-8e5a-3c2deb347f7e,57a64ebd-af00-40af-a74b-4fedf49697ab,2328
789bdfe8-c44c-41d7-adfb-d1df3b62de7d,0e46ab5c-793b-4c26-817f-ac0540ba7a98,5689
9647069e-74e7-41e5-bb35-99e91030f323,69188f7a-58de-45ac-9fe7-6eb2d04ff4f8,7767
dad47a23-e31b-4c60-ba26-e24967e976b3,3acff88a-847d-408d-a156-a9d253aa3edd,1393
f099ecd7-5d94-4964-8767-613088ad8127,cc77b060-5d1e-4ce0-8cdb-3041e97f0fb5,6400
eb704afb-51aa-4f5f-a261-1eb9705a0f23,dbe789e0-825f-4271-930d-51a991796c05,7765
087993ef-6963-4409-9809-f4b237842ace,fbbac284-4158-4fc1-ab94-6dca10893a75,2684
2487160a-fc18-4b69-9f3f-475361c5dcf1,61a68abb-6c3d-4919-b6f4-937b67d059b9,7801
62c77e88-effc-4a80-9dde-976d39992592,54af8e6f-b2e6-4098-bfd1-90661fcae708,5570
f4ec53c5-315f-4101-83b0-13971610a17e,e773c127-b776-49de-b023-2a6b5b90f35e,5844
14e3aefa-9d62-4040-9c3b-1f1ee2f0a6d8,d17d710e-0f61-4ef5-87c7-dd6ca66d5370,6497
f0dfcab6-315d-44d8-996a-add56d72454b,af359420-740f-4c28-859f-6a68c28e8d85,6925
08fddd68-f222-4d69-b941-80e6f353f392,5070a562-add0-4e01-a31c-fa678e2d5975,5784
5bd3631f-77b7-420d-b77f-bfbda079c780,fa7e9222-1c6b-47ce-b1a5-847ca5fa7206,853
4e531698-f47e-45d0-9850-d38634b2870e,edfe0588-c13b-405c-9705-aa92c68c4053,5623
11946312-f276-43f8-8db9-312907b61193,8069ffd2-03b3-4500-b72d-bceb1339d546,4542
4a4735b6-62b7-43a0-9bd6-503640afc938,01eb0967-a0b2-4447-9cdb-2dc238e60e8b,9391
ac6d2346-c78c-4c1d-84f0-f68e1be0cd53,b61acdd3-5667-453f-9e84-6d63d487f07e,7974
ab860c6d-ac06-420b-9051-341aa02f84f8,1eb272d4-e581-4a82-ae0d-d0f6d2c0e651,8254
9f74b0a5-c00e-419c-8ea2-402e7973c725,6a5ab3a2-86d1-4e93-a223-b638479394be,587
a4db7c85-302c-4ddb-be98-0aa3706b0bf1,d39a31f5-ae8c-4a5a-a97d-f4fd9dd458ac,9136
1150d1b2-6a6f-4607-8dd8-008a1d88c8f0,f237ca01-94f4-40e7-9f95-0e3538b5ab53,1482
1fb46838-44f2-45a1-99dd-65db9e6252cf,ce9fa823-9c99-49a9-996d-9a9ff71dc788,983
68f9ac8e-3290-488f-a2b7-05ce13cedad2,8faf8cd9-c359-40d1-8d2d-ac7fbbd6eb06,5224
ff5234ff-9454-480f-b410-87a8700dbfd3,dae891e3-487c-4c63-acc3-435f7a4065ea,7924
6939e211-9c08-47e7-8791-191e27b30d06,057ac5f6-9b9f-49f0-928c-ddcc0f64cd15,3451
860aa914-5813-4070-a5d5-9483a5adc90a,087808d4-1ad3-4a22-82ac-ea7f9c795f05,484
9b08e95c-f25d-4cd3-a387-066424d195bb,956c4e9f-8730-407a-a113-8c8f4a73c138,3758
a386ef82-21b4-4a7a-8fa4-d5c9ad2c7581,6c0423f5-9ddc-44c3-9f98-5e6f37de2cbf,6223
4091c98a-8207-446b-99ff-1064aad7c556,f38dcb07-38c3-480f-9861-c2177dc559c9,6386
2ebb126a-60fe-4288-b417-79d90201c584,f692f413-a24b-42e1-a864-66a09880651e,7162
93cf6acf-d151-44cb-837f-0fbcd32873ff,acea0178-2050-4528-80a7-46fed0968451,6013
ac7eafef-5623-452f-953e-2079d3c084d5,46c1ef85-891c-4d54-9a37-b5e042e3c2e5,6907
751bf7fc-94e8-4981-bd75-73f368cccc1e,6eb9434b-3872-434f-8714-2baaaef98d62,9142
41a6069f-e920-4e77-a634-99c334bfd0fe,d3157080-99fc-4346-8248-368a540de595,1654
7e862c9c-8d5e-4e20-8895-cd9dd54ef4ba,8f70a48b-db67-476b-97ef-018169590a53,9814
f2758fcb-2852-4aff-8c17-c9db6519a7bf,e02f203a-944b-4417-a24a-907b8a52f5ae,6734
5180178e-0103-42e2-bf08-9460bfa88ea8,36ce16d0-9b68-490a-893c-58fbb29d6445,5863
0ad3a903-cb49-47fd-9934-4f1733f4ffb8,86cb808f-ecbe-41e5-be3a-724c0d1f9a83,1124
ed64314c-88a7-4120-bf3d-c1f2559a4e62,9eaee2de-9a6f-4c25-a4b4-76d82d4d797c,8707
dd892663-7345-4737-8500-b04d0b7dbd77,7333664b-4d44-4065-91b1-c893088c539b,4270
15501402-d057-4c4d-9467-3728444d2660,74325b4e-b2ec-4809-91fa-286a78e5e175,6989
841933a9-1968-4d16-8287-91c3f9b16fc3,6b9b1e2c-aed1-472d-9a6d-facf994cdaf2,2502
7d3c016e-3011-4e67-8f60-bd5e78e9f276,8d4a7d9f-0341-4687-ae8e-60dbd9a2944f,4694
6c537eb6-4b79-4473-b41c-e36290926056,08eddb01-e110-40bd-87d2-890cb99cf8b0,9554
f5f91fe1-b661-47a1-bf8e-d5a83b2917ca,ee0392e1-62a3-4bea-bad4-1aa877587f02,6091
250a11ad-5b13-4917-be3b-cff5077e8b81,7062943d-4668-4d1c-a23c-5f3a15e89c59,7245
dd80d2d9-9a12-4588-a8ac-018cea8dc034,01e1c099-6415-4ab1-a941-de73332ae1ab,334
1ab018b2-08ca-4ccb-b27e-77ea3683e25f,83531b2b-0043-49d7-ad4b-cb83440adcb6,885
1d09fec0-777f-408b-b64c-016b8caeb62b,8322d91c-9d33-41a6-9c4f-2134af2cb03a,146
a1214f36-bebb-4f8e-a976-d0be84311249,68d77a2d-9125-4a25-a01b-e0e413124ff1,4303
7d230393-eb29-4f4f-affd-d49b5af839ab,f67be748-31e5-482d-aa8a-e30693ba9da2,2698
df190b51-5cbb-458f-9755-2d9220dfdfaf,6e508305-422b-4777-b0d7-6d894b74572d,4192
a20462af-8c3d-4bfe-a22e-97b6f8f9f4a4,dd53b1b2-909e-44b1-a703-68ed9fb518b8,4563
17752b2e-1eb0-4ad1-a8e3-b623cabe7a3f,bb5cccf2-6879-4514-b1f8-e0a79e512e0c,6110
c45ed3c0-0a33-4eed-990a-ca5fb27fa9d3,f0f778a6-8113-4642-ae78-26886187c8b6,9188
f9fa7f89-33e3-47cf-9b2c-623178adc732,b3cc02f4-93c8-4658-bcb2-70e0c8c9f2a7,2888
289080c8-a8f3-4259-bf97-e446268c6869,779c9619-c826-4903-bbe2-b62961aada67,3704
218498f2-41a5-44e0-8af3-8d8e8d166ad9,cdbbde49-fe98-4ca4-a665-22ce4cba69b6,4084
4b698558-783e-4170-a638-a01fa6aba50c,7c641afc-1693-4708-8700-9748e0dc00d6,4029
b901986e-9ece-4b61-99f9-c56ec3a8771f,b630a61c-a202-445e-9c41-4f037e07299a,8154
ae38ab31-e0d1-4111-bc35-d6cdd482542a,023d5461-142e-42a9-a7a5-52cb51ebceb4,3838
a0dd9ecc-8e83-4d3f-a645-e115b2b24497,244286b8-26ff-4a30-af43-3b325b51836a,494
faeca016-dd80-4ad7-8b8e-a5f89ef062bf,d024c713-b0df-4a10-a096-8943f8e97bb5,7291
cbe12d7e-b3f5-4cbe-be38-cf77eb544831,8a5a8a89-c0f2-4bda-aa77-6d3b230c7508,8661
198b039b-8fc2-4064-9cb3-c28bd1f77cc9,7cfc7528-325e-4929-b38f-748df7518ac2,7548
6bda59d3-281b-4e2b-b1b7-ac6538ef6af3,60842eb9-516c-4aea-b92d-d31a97838a29,6635
c5f55edf-0579-4947-81fd-2c0fbdbdc12d,3ab9d94d-ad3e-402f-ac12-2a7d6c4fd01d,1087
32df2309-7ec2-4eef-9a25-fd550be7953a,6aa2ea33-41a3-4097-84e7-44c6ce1fff0f,1758
3b22fa85-1bb8-4a79-b499-61341b7ea5b5,2b713aff-b4f5-411c-9cfb-2fc73505efa9,8019
b59c682a-5a57-4d79-8931-4cd63c957526,e7d37954-2cfa-4ec4-8a47-0b55059eaea1,1702
bfedd080-9fae-4aa3-8f1a-97b303d3d7ba,2ced1fa3-cf51-40a1-b6c1-314d5342a4d0,5261
d603159b-deab-48d6-aca5-31aca098a28b,327d5805-a409-4d2b-9d93-77aab13b2938,6672
3222dc6b-8bad-47e7-8648-9b6e6bb6295a,ae6c0110-649a-4430-bb6f-6c37ee8c7cbc,5039
4e57b7bb-1eea-4753-b16f-c665955cc769,4ad297f0-5f39-4671-b08b-b7485875fa87,1378
58c17d1a-62ab-4862-944a-6cc73b4cbeed,59723087-7676-40bd-bddb-7125e0c1e346,5174
25a08e66-0b6d-4c6e-8b92-eda2f80ed738,c52eeadc-0bf4-4134-bb9e-b8bde61f539b,3693
8a06016c-43bf-4d78-973a-2c59e53ae3c9,b91402a5-5278-483a-8f75-f92b87d937df,2353
8f593585-078f-4dc6-94f8-a19436ccc6ee,32d3207d-93d7-4093-8f94-9621499470fc,8491
cf63fcbd-654b-4e70-8581-001936ac4872,0503262d-392f-4def-8d0f-264fb3abe273,8458
fdebdf3d-8a45-484c-8d3f-3a3977c6a896,2ddf0dfb-7344-440b-9325-1af4bd7760b6,1216
c8ac27eb-b015-4f48-85d8-376930f96b87,20d24f76-e91c-4138-a174-9447922fd907,5418
52fd645c-04dd-4585-993f-a900627c53de,f0a75f3a-a723-443a-b21f-0077964a2c9f,6287
c771301a-b23e-49ab-87d2-a23dad19c90d,ef7cc6fd-cc06-4f00-8a85-eea122d1b93b,9309
f2efc8e4-e7c4-4d68-a3bb-0e2020f19f17,d8505b98-706d-4bdd-ab4e-b7d239fffcc5,4571
ee5d2cf1-11fe-4d22-902d-007dcf12be12,0803fd57-89ca-43e5-a82e-18a252cc62fd,4415
1315d67a-62c0-4761-b7b4-9f718dd1fbd9,e17f940e-37ce-4297-b840-4edf69046c71,7988
83566ca4-beb9-448a-ab79-b71c7681a1ce,29345b57-6cef-4f0f-bf63-b5bb89c6ca04,6866
4d632770-61bd-4f27-9799-95f2003c9841,7c02e512-e896-4ffd-ae50-8eb2ca1128d9,3726
c4449f98-13cb-410c-abd1-70e267167134,bed2e0c5-f52d-4b2d-bde5-41b068a91230,5178
51a423db-5de9-41e0-b640-138b7e0e9b4e,8f335eed-3193-4797-af58-9a4e13424157,9864
8ca74450-67ee-466e-a918-5026f8cef721,0aad4c99-10a3-4040-bf3f-96ab7f65a25b,8151
e384990e-815a-48b8-b371-6191f4ea2c2d,7cdfa046-cdbd-4a88-81d4-ec2acf9f6789,2131
db7148f6-b2c3-4c0f-9058-baa6165b4415,da132e30-7675-4598-ade0-7ab4c01b635e,3640
9b30484f-9f61-4537-a9de-03bd15acd7aa,52ff5bde-5764-41ce-aca7-008dc1f35575,4644
98b49fe0-ef61-49ea-8904-d54f0584e497,e8f82582-267d-4375-8735-7539e7619ce0,4506
6701cbec-69ef-4a5f-922f-c6924a4af12c,a5d24e8f-56cf-4309-bbe6-26d6ee45c7f0,136
c1076531-2aad-4cad-a21d-07f01eda2036,439db8fc-2d9f-48bc-88f3-f926f64e2adc,9131
3b7ab8db-6ac5-4e06-8604-d1a518fc1e3e,2ce89665-5205-4d1e-8e26-59b9886f6cd4,7635
c5d280f5-0dfd-4cd8-959c-b14fe362caba,00963026-3491-4571-8b64-b37fe4320122,2475
2edd8e26-3f66-4e2d-8350-1435a05a5ae6,f3a64b30-d1de-45c7-845b-d61fa88c0402,9753
af47e08c-6804-4e1c-95f0-d34c6f847da3,f5019a38-81e8-416f-a8e2-07991e61c22b,3724
4fbc9a61-2457-4491-819d-5bf8bb44a851,3519dbed-f5cf-43d7-8c89-837564694530,8202
64abe867-9938-46ac-8fb2-f91ff565a4c4,18fe276b-f6d1-426e-a476-c242846100a6,2068
bb8202fc-12a4-4515-b305-2cba7e386e14,6b80f03d-fa32-428d-b60a-60bc478a7450,8725
96c86b7f-b3f0-408b-b6c6-039c14bda31c,70cc8d25-a584-4678-99ec-bb201d70bc23,9560
3f19ebbc-82c2-4e75-b400-5fc79b4f95cf,871ec491-7ff7-4f34-b0d9-ddbe2ad7ed98,4912
c100d4ce-0a3c-49cf-8076-710e24b69528,2d45cc82-fbbd-44fc-8c8b-072a3dc6a1ec,2356
40061592-a624-4877-babd-6f0dc4675bfa,b0225652-b3f1-4c2b-b935-cfeeef29bd32,8790
99f732a9-9a61-4665-8000-a6f0d8c4c4bc,6f813df2-eaf2-403b-9bc0-01ab03bc8baf,5033
6308b7ce-00d9-4497-af55-620f3052f305,c542965d-4da0-4d69-84fd-2fe8ac1fb006,4224
9fdcf360-ec82-4bfe-ad7b-484b5a795702,ab05dec7-5753-4b41-b286-27d7049de229,1497
d740fe2c-a32e-4af9-8c16-39df6091cdb6,7e83c635-2b0f-4ece-a908-babd097ece9e,637
97bac82f-9974-464a-9e85-64ccbe77cac1,18352a25-9f08-40a1-a3a8-23b1af5d0b9f,3413
baf26913-e325-45c8-ae61-f35a5a5ba410,7beda7f7-6fcc-4770-aa9a-579e7848e2a4,9460
fd228a38-ac98-4d25-b7c4-1535151a639d,1d66f302-f6e0-45a0-9ab6-9f5ec801b7d2,6150
4c80dff2-178d-4451-9391-37b93c38639a,972d7ea4-772f-4f41-858b-ec14051c6bd5,657
63dbd52d-23fc-4418-b8b6-069136974576,fb69c37e-c100-4533-aebe-445985cec8e3,109
d2519adb-2570-4289-afe6-c7515b3ef140,bacd21a1-58ff-4118-9130-ae7641a6eb09,8798
3ab5b37b-ba98-4050-89f7-d88d5238643b,9495bd8e-f61e-4407-b020-672725ee1d54,3613
07b99359-f470-42f4-9fa6-21377723c120,0cca91d0-3321-42dc-b3ae-69a764a3820d,1326
71e4ce81-6f77-4b48-bc4e-809236c5c934,229057b1-4a29-48e3-9384-58b95aafaf3c,772
f2307bf5-4c27-4958-8c8b-6da596dd1d4d,04abb22e-0c47-4bdb-9cdf-772368a627d5,6177
ab04bc5b-4abb-4bce-a23c-bef1e4f46e2e,7edfb009-9ee3-47ae-be96-f2de10cb538b,3806
4dd9b718-2b6f-4e3f-b93b-bc490950ff82,1a0e8014-b1db-48e2-a194-c82acb876bac,9581
7afdcc58-6d62-49f9-8437-728247e9d043,2a25da06-4b19-4fd3-ab8e-222d4a9a19d0,4355
ad50d763-9d96-4ac9-8230-64fd865776a2,638a3911-6a29-44b7-a684-294606e6dae2,582
8fb21a20-7a0c-4926-8a07-cdd32bd410b9,72aac7bf-3450-4bdf-b9af-05a339da1b40,2991
4b7cdf94-6c26-4d8c-9e33-88dd25127905,df91befb-f71f-4fd3-a36b-060ed6a89ebd,5929
247b6ea8-d9fb-4bed-837f-4b9cfabdbe57,b6943c46-4aea-46cd-b2f1-473dabe42e21,2569
53443606-5505-4e19-911f-2cb8d2634c58,33bc9011-97a7-4445-8419-b5f2b951b475,8681
ff4fb0e2-c204-4383-a5b0-391174e4b107,b762a34e-250a-4f07-8684-ca6e94bc5bdd,2065
30a1f338-447a-4427-a71d-99068cfb61fd,306a407e-ba3e-4af3-9cf0-9fb976e26315,5599
1630b189-f1f4-43a0-8a66-30ece0602c64,14f7d299-e52e-4040-899e-53c59502b9ed,3964
bee57e31-7123-45ab-968d-82e0be39acb3,4fade4fd-aaaf-4af0-96e4-a910edbebbd5,685
8a18e6a4-85ef-4b51-af21-8ff02cbc1510,fe4785d0-710d-4553-abc9-ba9032c0d021,6186
5ff29bc1-0fc7-45e6-bda8-f7782a6a95c2,0f608f00-96e6-4348-94e5-f0f23a866a6a,9977
ef703452-c5e1-4ae8-93d8-f9d4e7d2984c,33c1e6e9-a47f-49e5-9e9c-526650e80de5,3336
447c7b78-bedb-447b-8ba4-68fbcee7f6f2,1ff2bf06-8864-43f7-a671-f126bb8f99b6,2242
4eecb905-5a40-48ca-bfaf-68368cc3b461,1f2052c7-328b-4e7d-9319-15d75430e9d3,4366
de64cf73-c957-460b-85f8-3de07d53ee12,f49301da-12ac-4ba2-8cd0-d8017b176978,3750
59ec32a0-56c6-430a-86d1-0cc390fc3d49,f7302ee8-423e-4ecb-9be1-9a63b19be80a,9703
d882d673-abd2-4486-b5fd-0b64332c654a,559f6f5c-8bca-4492-89e1-dd864dd8477c,8609
034e48eb-8a02-4446-90bd-ebf86f04aa02,30d03e4b-63e6-4818-b491-2925268df96c,9877
ad19c3bd-a104-4295-9db5-b113590b8460,7939273d-e55b-477e-840c-31fe8fe38541,5432
100d650d-71cb-4215-b0db-c3e673dff8e2,59634e0d-0ce6-407f-8d37-2def4527b881,4952
18c40cdf-3a4b-4c34-8f4e-027b331730ee,ea78afb9-25b6-4fea-8318-96bac370f5d2,8104
99bb7c6b-3790-43d5-9cee-eaa804981f32,47e78e02-528e-4cda-8a60-f446a033f997,7366
789be96a-e9a5-410a-be74-df1e568d213a,fc957125-e848-4bd7-84da-70d04f7605a6,3437
373ce72c-f76a-491d-9032-dce592ebda70,e5122c10-40b8-4f2c-9456-d8e6fe67d1b3,7824
6eedbae6-f403-4038-905d-3ffdc468a985,db48d834-722d-487e-b696-89386c1b12c0,2255
cc34abcd-b495-4922-957d-e7394043b970,a1c62e3a-a085-4d73-9255-e401d481f605,6661
2e1e35ba-31d3-484a-b882-33d32eeedc6c,2047e5e8-44d6-4a56-a829-4caf5a2e27ac,8123
a29782de-e0bc-4a15-a2d9-dda450d3f7ff,99f995f1-90e4-42b7-a34c-d8d7e31ee91b,7600
5f8b4a27-5775-4357-b77c-0167d27a4352,c752ffbd-9ca8-4a0b-9b35-e6e1d6f509a2,9878
383f2a81-7dea-4fce-a1fd-4a5fce36344d,df575e5e-6682-486d-8639-fda2e742dd9e,1695
7e128646-c540-4967-a067-7cbdf70d5181,24826725-56db-4267-9d4b-0894a4363ba9,1302
e29c9167-e9d9-46c5-9868-d664b968e4e6,b7873f22-da4c-4f19-8c18-15321f056956,8342
87a36f98-34b4-480a-bd11-bb66a8b71779,7c707111-1e96-4ca4-ae1f-38e22dfcc05b,2943
1e41d882-a2ce-4971-bba5-12ee5ad9bfb4,e4adc6de-205a-4232-aa84-1dca1459bbc4,9232
8eb13e31-7714-4069-9b87-09c6e187ed90,a991a648-6c13-487f-9511-662f43ecdcef,7252
bbca0b05-2505-40b8-bbd2-edc314d5824f,b53349e8-4a9b-42b6-a335-1bac1d53068b,4129
6d4b372e-9b72-45da-85ee-576a80c1c247,19cb0dfe-ee1c-4fef-bbf5-e5082e41c856,7919
d4db157a-66d1-412b-81e4-13bda74a1cea,8aa27324-0253-4e6b-85d7-4c6cc4abb25e,1882
dd830b48-97b0-46df-a19f-f4039d0bc74c,a82a92ce-6c2e-48fd-894f-822e01e42248,4827
1db2717c-4d76-4a31-a2f8-c1bb368b8459,f85b0a7d-47b0-4dcf-baec-a458d61d86aa,296
de8934ef-603b-48eb-96eb-582b35684113,9dffe66a-7fb5-4ee2-9f48-f8977a3cc61c,6000
65a4caae-a4d4-49aa-bf83-ff3f66e46594,96506066-d657-4958-b22b-ddcdd333ec73,8781
e1bd164d-0b63-4daf-a1a2-7d06422a64c5,b11dbfbe-54ef-4856-b720-893cd5243304,8612
b4aa2368-0945-4bbb-971a-89186cd17cb6,4faba0e5-98ec-42a1-a640-8e8b0bfd142a,471
349541c6-968c-4c66-ac98-a845f3053ff5,51c6e485-e46e-42d1-be32-c63e850ad363,3672
0db7abef-b87e-4bd5-ae9f-10ffc75d76a8,ed17a786-9e32-457d-b905-aae185993036,6886
647ae425-55db-4c15-b442-1e9e9a406d7c,2c1552b2-eebe-40cf-a668-18f7f8ce8391,9638
78e258e3-7b39-477c-bb89-754b72faabd8,3bc4f6cc-d1a5-4ebb-b6d5-71a1da160674,9474
bae10106-1031-4648-abd7-80070062879d,bcd4b736-41fe-412e-ad2a-9692f71f7a05,2311
8ec322bb-99ad-47db-8704-a65c5b806642,d09fc691-3457-4394-b327-20082468f10d,4436
9202cfb4-7bf4-41cc-9850-09c0682ddf66,172dd972-737a-4b28-a070-f688f8835c81,660
f614e84a-f6cb-4f13-8bfa-250830a96423,f7cb77b1-b7a0-448e-baf2-572c813be51c,6758
4fec34a7-5263-40cf-948d-b65128682431,d43a3892-d97a-484c-9fda-fe86368b81ea,8800
665c8929-3ccc-4773-a556-47c7b1b949d1,fbb9d040-0552-445f-b306-c158b6e7a44c,6036
83b8c170-b1c5-43dc-b0e5-b2b61b5b9d76,9c424133-0575-4ebd-b5be-e84224aa72c8,4630
59b345f2-9cf2-44c8-9584-5b5addbc2510,0a345fd5-5acc-485a-807e-bbdda0b430f2,2808
60b977ee-f4c6-4025-94d5-171f8d402555,6f003149-2f69-4b8f-aed3-d49e821d8738,2316
2e265193-bbac-4736-b994-be36e37b364f,f4207747-4c41-44c4-84aa-fea344e1289a,3145
5d48c526-7c25-4b53-a113-a618cbe0659b,265e432f-9c48-4382-b7c9-3dc2845392f8,8478
43a168b3-d568-43e0-9884-a2f569fc06c4,67683874-040d-4e11-b436-6253a5b03120,9318
a8e79f4b-bede-4bfd-9fef-c5f1add0ada9,438c4b4b-4c85-43df-ae33-fd67cfc03993,3830
2f064929-4d6b-46ee-b2a7-4c7daf8d0826,036a3f8e-7370-4c69-a523-a194435a6c88,5798
6ae0afe5-0f1d-4d2d-a2f8-d60640a9d6f2,ba42cc87-061c-4e02-82e9-8cee439e563e,5505
4aaa4b96-682a-4d6f-afdf-67b42328532a,29101fa8-d4d6-4656-a78c-4aaa801cf22c,541
c2d01d1e-b80d-4784-a0fc-8d512b8c38fb,4700eb2f-3753-4ddc-b866-93958eb26b74,1735
52101363-2600-4fc3-918f-b985a1419a61,2baf8c3e-5897-48ce-ac1c-3d6a09bebfcb,1517
14ef9833-bbe9-4c04-a58a-4d0ac790971e,bd4a554d-0d16-49e5-a332-ddd757d834c7,3344
a90a97fc-aee5-4f83-bd30-976d692ac4c4,5f01bc99-1607-4686-92c7-c30c2de46645,1285
a01b02d8-53ab-4c9e-9f15-8d607af96931,bfb2b585-5b5a-496a-bc72-eda67e9c295b,8753
6c9aed5e-0db4-4de0-bcc1-68e2a4fc746a,249e0ed0-bdd6-432c-a8e9-a276a747f4dc,9115
166ec753-a174-4d1b-8832-78f10369a93d,154d926d-3b49-42dc-b293-8f17189f62fd,5616
d2c424a4-292b-4abf-aea2-84ab771f5879,8bae4a20-ec6e-4870-805b-3e68d0c180b2,6538
530e971b-792c-41d6-91a1-aa56424caf0f,f7c5c028-5151-4198-98ff-1c9a27750eeb,2036
3c100d7c-d4d8-465b-a1f4-c2eabffe6402,c295e034-d286-4c08-94a5-938b2e1e0d5f,5529
04a267fe-ba38-44eb-9746-c9357a56b6ef,d9637fbe-993c-49dc-9048-23421b0cad83,5817
bb8d9078-93bc-4668-a7f4-3676cf4a5f3a,cfa3c095-f5a5-427b-ab5c-7b24b492ff03,5936
1a412f7a-343f-41a0-97ae-096623ffeafe,5a6b6648-357a-4415-89e7-f7759bf41023,9324
fb4b2d62-ff61-4568-9946-f0f19065d345,4615676f-2b69-479f-a684-a93a49938a3f,3593
d16c893d-9519-44bf-b6fb-1900fbadef37,a32d903d-99af-42f0-81ee-6f7a060acc98,9047
b41e57cd-a63b-4e02-9f56-dd9b2841ced8,2bf19bed-4a57-4b24-80b9-019a666d9387,1633
7336d190-860f-4fc5-b477-2dfff3591956,169e07a1-1dc7-40d7-9901-6b2967f580b3,7335
3095876d-d358-420a-b69d-a1ca67454d9b,ec0a910b-eca6-42be-b0a0-299bd95b24d3,3523
d191169b-f7f9-4e24-83f9-8d28cb6f4a0a,42ef186c-8873-42b2-bd94-9e71ab757d17,8608
ed03c8ca-849c-4be1-80ad-c5f2c4917035,45ed45be-b033-4af3-a73d-d87787f56f42,8805
43f1aa77-7bbf-46ff-8e14-24a55b99a28a,27800342-a0d6-451f-8573-af12cb6ae6ee,8546
1cbfed21-f0f1-43d6-9b37-a561bb277ee3,b4cd36d0-5c10-4212-8862-d8a816fb60b6,5197
b0e91677-bf19-424b-85f4-b95ac9f0e6ed,dd1aa3bd-5389-4112-a8a2-68921ab30857,1427
1f6cefd1-1e52-49c1-a25e-e34edbd00d47,197160bb-f38e-4c00-a12d-b699f8e222be,9826
cf52d572-e397-4794-87dd-34f6efbc8438,ee9abfe5-66b9-4a10-87ee-b59eb69df12e,6513
bdba73c0-1c92-4055-acfb-3dbf55c6b81f,85eb8436-e8bd-4220-85ff-06c0a05a0611,7803
4e47b5de-f5f6-4834-8691-6372e7ec9fac,af99bdc8-c136-4a4a-8628-a1abcc923e98,9804
161a9417-ceb6-4aa2-aaf6-728773a89cd3,c26d289f-9720-4d9a-8250-54f9d6fecf0e,512
58ef594c-0b96-4bce-a81a-f8325b2f6982,7fe574ea-4aa1-4dca-ae16-18691bfa6536,5093
3695d271-6da9-4b23-bed0-39156fe6dd88,ad7f217c-ffb9-4082-87bf-32067982b90b,8493
31853a6f-33c3-4e2a-9663-a549e42fe751,af9563ed-d4b8-4d18-a006-2d060890d0a8,7438
39e7afd7-a050-4102-a7d0-aef924b3556a,4c2391ad-dccb-427c-b59d-e7f6d5aabc86,6373
65cc2c24-bf63-45d6-9201-2c5189ad1606,f3919643-46aa-4e22-9ae7-b9025ed996f2,78
cf75a915-2215-45c7-9006-eca7e2dcbaf0,30a5c97a-fba0-4ad3-b537-0976f63d3187,8791
67e02cf2-d9d7-43f7-8545-df9f5edadd65,5d0d12d8-6ea8-4654-ba44-5c1930fff458,1932
a644fcc6-4484-4f1a-aed7-c1c3c226804e,a28280f2-181e-4555-87b1-cffda85919ce,2703
1a29272f-45ff-495f-8145-76a6a0dbd536,7d5fd616-ea84-43c1-94c5-70831d7fa13e,3873
c9749902-d4bd-4046-91bb-cd6749da7948,402900cc-e9cc-4cd9-8d95-18bd3c5a8d9f,8941
f80b0d9d-aa39-4cb2-88c3-9bb0f8816473,9a94d940-2dc9-4788-a0cb-7246bf6d3bcb,8144
6c4aa36a-6219-4f54-914b-70593efbe4ed,38c2eb8b-a345-4891-8f2a-00e986341330,2233
b388fc08-55d9-4038-95a4-3de8df06bce5,2211c8a3-f604-4370-b2ad-9cd784bc3065,6995
33a835f0-257e-4134-b547-7b956d8f1425,6e87c111-98a6-48d5-8a15-5a215db5041e,6803
d7759745-a562-4595-af39-c8e8a4a1da10,2a1b4adb-aa91-45a2-8189-cf6bfe1b84ae,9367
ad687044-7a5c-437a-a07d-da5c4a83fe70,37707bb1-6ca6-4fba-9ced-6e29209c8255,5278
c19bfbe8-d230-46c0-a8e6-46243c4d2a70,ded5ed2b-64e9-487f-8d89-9fee5d1f004c,4818
4cba7245-f99b-45c4-9203-07d073a5a2af,6d2b8c3b-2639-4342-9908-70bf9196ad02,7961
65d0ce50-69b5-4d67-a03c-d7a3554913ab,aeebe6f3-143a-40dc-a625-73324e4e2c8a,5404
3092a781-067a-4339-ae32-3e287db8da17,14db67b2-eb25-4bae-8c26-8ad79421e30e,8853
eaf8a1f9-acc6-4ea0-974c-131b76252962,0042e904-0473-48d3-8175-f1fd06db0b64,2762
037d0860-2026-455d-98c9-44e9571a3296,d69a0084-7419-4951-a098-66399100b7db,3636
bb2d78fc-2816-4d67-a5c7-3961663a6efb,2a9128e4-94b9-492a-b84b-2cb5e6336e17,7851
a68ebc76-5e4d-49db-836c-b3de8d1248f4,87647efa-7e5e-4dc6-8a54-90ccdfe4772e,9282
e628efa3-ad4e-4617-a4b1-dc7c835558ba,30e4daa5-328c-4d17-ad86-d28b66df210c,3195
4c4327d9-9a3e-4941-8c3b-73693bccbebd,71511d28-8f4f-4f13-b178-2b7132c5d7b4,5061
fd87f3af-1d5c-43a9-b19b-0ea6d8b8e7e9,15400952-92c8-4495-ad93-7de68d7f4283,2340
d5db38d7-0b19-44fe-84da-df894c8faea9,d42853d4-77aa-47fb-ad2b-7165cd7ab38c,355
e063be5f-81ae-4cad-af18-6045cb7d94e4,e8d5b275-24d9-4661-8e50-33a4a6a20c57,9937
cfaeeee8-b5ef-4bf3-b581-6dce70c504e4,c6ff922d-7431-411a-a061-4cd30d5e012e,1128
6624384f-107c-41b6-8513-0a156436c62f,e0e0425a-39a4-4615-b21e-b489c2090255,6805
e8daa982-b7b3-4319-90b9-290b1f3a51dc,8e8d4494-f8d6-489c-a4c1-104a7e8d6296,3915
b914fd0c-00a2-436c-a2ec-b2a3ba8fc9cb,3217ed49-1f5c-499b-9456-b0860ad609d6,8658
90c79634-8e47-4244-8e68-a3effbc985e3,ef1dd44e-2acc-413b-b0ec-4b041ac02c2b,6390
65980fc8-7c57-490f-a3c3-5312481f6d81,2057bd30-4e1a-4b93-93e1-5cda39521c01,3082
d4ee709b-97d8-47ac-84e8-65668eb0bc51,7dcc7e78-6c79-47c9-be8f-f715cc0023fa,4368
ff77486f-b1af-443b-b430-f21fcc7131e0,71c5eddd-c031-4f70-a82a-ef90ef86c551,7094
d424f472-0f92-4c8f-99f9-a3bffdc6d06f,864679ce-18c9-40a1-9f98-ca66d51cd3e3,1500
f62c7d5e-7b07-4f0d-8f5d-477224d22bea,4e407102-0064-4551-b905-d5b8394dc6a4,7879
83f4969c-df3c-4e85-8444-7f832b98a027,35d03ad3-846f-47ed-82e5-6b8925e5145b,6632
8a86eabe-6f6c-4121-bb25-46677ba3bdde,f3a100ce-9723-466e-808e-826ea09672cc,3484
540a1a62-c162-4eda-8f7e-b539b2e1c788,4d9424ae-22eb-4d45-84f4-f58a473900a2,4480
35379899-6e99-4bbc-86dd-ff2b4004726d,69a61f66-bea5-4041-a4db-c2933b0f18b1,7428
3a3ec82c-98c5-4b95-9196-d64ba8718e0b,e2edfeed-779e-4fb1-8559-d1df8f03bf60,2641
c744c13b-6adb-439a-92c5-72b948a4d52d,59b58ac7-89b8-49c2-a6b8-bcbe834c4beb,9730
c10dfea4-0c68-4b5d-9e70-63c45806d190,e2831ec6-5d35-4303-9285-2abfd979ef87,6844
f57cb050-bd05-4b40-ba76-83d668e07d00,cfa7a84b-4b96-4785-9b84-db6525e82fae,9252
50e3e90a-c59c-4a6f-8e01-46560fb77427,edd5d541-f30d-41b1-bd1f-ea0abd928f99,3156
adc4bb25-b4f1-49b9-af00-862a387c132f,d980213a-843d-4cae-bc74-1912d09acd8c,1563
defb1d4d-18b4-4464-b886-241ac7f9559a,b918e3fb-222a-4054-82cb-077d8c269456,1788
dafdc6f1-2414-4b15-bcb4-27a4e82f9bbe,3dfdd7ca-fd60-4cc6-aedd-3662c7207b0d,8930
68ffb967-28a3-4b0a-ace0-24557e32a2f9,b644ebd9-7094-4800-86b7-700d1531363a,5753
e8d61b43-8914-4f9e-9848-f374aa1940c2,9652810f-3f10-462a-ab69-8a5c1d1bcdaf,9315
cb7cd4a3-0a89-467e-b789-02049f6f5228,0dd4aed0-7200-4fd8-9aa1-046180b7796d,7724
a24edf29-0a16-45fd-9293-40c03cadaa8e,bc2fbac2-29bf-44f2-92cc-394c412c1d54,2410
7600844c-11da-4e01-9f27-4d7bf180b6f9,ba106c08-3983-4334-b376-4665fedc6acc,7806
6d101228-ce03-4de0-9a52-a5a657876baf,0a1f39ee-5647-4532-941d-246b2520bd94,9679
e3c933a3-e70f-432e-9af9-6638876f8eb9,94e3efb5-4620-4187-b245-c774ef9a4ce8,9135
339eac63-0d18-48b8-9ccd-a1a7396c81e7,ef398978-e45e-4a3a-92a0-32c2153b0d27,1365
f19589d7-cff3-453d-a288-d84c0a9cb940,881abe03-4ba6-424c-8370-a0f21b34fdea,5482
e71e4eb3-15f4-49df-8048-31d84ed7ba7b,ffce48e2-1c12-4b5d-8464-6eaaf3fe376a,8130
d3abf959-c6a7-4aff-b222-23278c45c33e,bc9ebb5e-8fd5-4b96-bda3-f315a800bdb1,9207
d7ce8a46-64bf-4da7-960f-1cad79cf9eec,5ffe024d-ba76-461e-827d-c407f155967b,9729
aae97332-7e6f-43d9-ab85-17afb735f2a0,b393b41e-4914-4f70-aa00-d35f69019342,923
4cca2401-6203-4357-bca1-1025006fdbfa,dcdcf8e6-5090-44f5-8c1d-544c86da3f00,3524
fb2ce023-3393-442a-8525-7b50b525ced8,cb405d9b-f750-46bc-b440-8247d542667f,6756
121de8d2-7a44-4b34-b0a5-c0599b0c1422,25fbc7df-73a3-43cf-8b1e-0f214d210b72,9420
f1e72b40-08b8-4e76-ad8f-864797a18f60,5ca9f79f-0895-4004-a28c-67c24261f8c2,5175
5c412bef-4818-4f6a-81f2-a00fc577287e,7eb073af-1377-409d-90ef-55db627852d2,2149
5aa601de-abef-47b8-adbe-4c9540d83e31,90c504c5-4304-426e-8e82-2486adcf449e,4667
fadca269-95f9-45ac-9275-9837f4b11e07,123f4300-317f-4b53-a1f3-ee8e0bb4616a,5685
4361c7d0-9368-4b98-90c0-28a3188714cc,2493a871-90c4-4b5b-ae7a-157979bbe8f6,2220
58f5d17c-d19c-42c9-a396-115420941e2d,077c9ae1-62c7-4789-a29a-c34b44ba0b2a,6659
e599c103-41a3-45e0-b3af-2f19616b1840,cb581fc6-cad6-4b0f-ba6b-b271a43c14f4,5091
0abd0b3f-7519-4c77-a5ff-7e0dbcf127fd,7e6a5b1e-3e00-44b5-af1c-98ba69a5d2f7,2564
395ddbe8-65a4-4298-b3f2-7aeb1aa29696,f5fce496-e8aa-46a2-8656-dadd6622090c,3917
00011736-b020-41e0-bb55-409093e010eb,dea6b0e2-b78c-4e08-a765-ae66335b1fbc,7938
446d1c65-4532-4596-9a7c-ed337efb4415,51de6d71-ec87-496e-be3b-88aec242823d,2462
7063bf10-4f1c-43b2-a914-eb2b3485df02,b7092aaf-b924-45e0-8f51-2b4ec9341915,4902
e7717f7d-1ae1-40ab-b559-61df14d0e572,8343b507-afcb-4b26-857c-adaea5218c85,4447
34e6823b-5be8-4404-b9a8-99191868462f,2e48b9fb-d66c-46f1-954a-263d62eece6c,650
8bace24b-f895-48b8-aebe-20c560fd755a,a64f461a-1ca3-4d15-a891-b9c30b2478f4,4716
1acbf1c3-9980-43c6-a770-73fdf450b62e,6d0501aa-7aa2-427c-8c4c-1d894ffbff81,3027
8af8be0b-b1e6-4b88-b27e-28408f96e270,d23c99b3-25ac-4876-a7c6-8dc8954e606c,5898
236b6da8-19f9-4dcf-9886-bd6e533bfa2a,ee015e6c-e1d9-4dc8-9527-a21d86a19458,8086
e86800e0-c029-498b-b06b-239096ed3776,84d658af-f391-47d4-acbb-c5e383c11a3b,7136
d5850985-d23f-47ec-b5d8-2b71b2f546f6,806a966a-85e1-4f9b-8ffc-76d67eff13fa,2227
bbb38732-76b1-4950-a9bb-6ae39c3f4481,f09faeae-1651-4578-823a-de74d0e4d722,9922
01d863fe-2dad-466a-8932-a6afd48eafb9,bc91a383-ac9e-46f9-bd64-35471775bb8d,8211
c3540970-2435-4d20-b126-8ae12d4f9e7c,d6db2c61-7da4-4e4d-8cd6-ce43d4d9fdfb,708
faefc9c5-03aa-48a4-afdf-2547c0293038,0823dd60-8c66-46bb-8ecb-7835719ba92a,9233
fcde3b64-5929-4cce-bda8-8f2ad0436353,7a02c551-2312-4694-883c-185f8d6cf929,1382
aaaf5e06-31c9-4dfa-a81f-32a247b864b3,fe692fc6-9c5c-4578-a6eb-c874dcb35f1a,6416
776990fb-4657-4447-abd5-4af9b3a2d033,e416a9f5-c3be-40ac-979a-88a3ff22ac51,3594
a84d047f-e0f4-4963-a502-ae5c33944174,9cc11449-0252-4521-8094-0225b9c7b92a,5511
2ff7bb60-965f-4a5e-a9c1-4de9ee731641,3872726b-8c1a-4107-b50f-2ce206628cf1,8640
61e4c2a2-1b53-47bd-ba9a-7657a174c2c1,7dcd32fa-e365-4f94-b241-12942606cadf,148
4b64249a-698e-48c8-891d-81cb0a664943,4752ba1f-436c-4d52-aab6-f9390b73cbba,8892
a8bda695-a196-4fdb-b831-ff427283b39a,615a627c-2eb5-4338-80a0-eeecfe63ffac,9627
cf44dff9-7f43-4a96-9bfd-09a54c231f9a,20e22341-b668-455a-b6df-72bdbc43d736,9797
dc593009-490d-489d-b325-433fb963e119,5a8474f8-412b-42b5-ba23-7decdd8b3beb,2990
b0fa5b7d-8552-412a-bd23-4770a8128430,ce25b51b-779a-492f-8d54-cb825c184980,9767
7ad3b2ba-601d-40a3-81fc-05f288e07d35,1f713821-6d2c-4a5e-a6d8-b2db2e4488a0,7975
cf9d7163-1179-4aed-9ee0-0a3ad63ad693,2dafc0ca-5139-46d3-8f03-3173441ad3ea,7976
00124a22-57d0-4ef4-a522-8e93b97bdac9,ef3acc4e-a262-4234-addd-82b60078813d,8465
bd02b908-19fd-4e74-bfff-e7f3d3eaace0,357d5780-6855-446d-9b49-816a18ec39c7,7726
da8b87b0-4987-4772-bed9-e350faed4790,a66d6cf7-f4ad-41c7-9f80-21081f35997f,3147
ae4118b8-97a3-44ab-8fad-3c6cf022ee60,6789f07a-abef-438f-8ab9-702462b69540,8720
a8b2a888-6bf6-48e3-a4f7-7b9a42a6506a,5f069d4f-dc9d-46bb-a0e3-6341c41cd0c1,1209
efed06ad-04e6-49bf-a639-5e3ecc9eb7d7,61b72778-8517-4e46-b4d0-8a77b8df6e7d,9919
a5337718-2994-425b-9248-0d796fac7ef9,f3d5b88c-22f9-48af-ac65-9ecb73ac3d61,1321
32f5d02b-0006-4bce-99bf-4ac3cf2ef03a,93e2de3f-019d-42d8-8cac-2ba2bcff70ce,5487
15ff1486-7721-4ddb-a588-540ce7b18c2f,7e93b491-8f11-45e0-a54a-144ea8bb3e87,2216
1c60ac71-8b6b-4222-b284-c8f5f1ecef22,b4342c28-c11d-4d89-be88-e0e1337b23b0,3779
1ff5a054-b466-47cb-8c51-0015be6f6ae7,3245c970-6eb7-4a35-b807-65a0da81f6c8,2500
200d88ae-47fd-4fea-bc36-cf4af7751597,03af2ba8-46fc-4d17-a32a-352f5195b042,2192
1013ab69-936c-42a7-a0ea-c86a73787b4c,d2b0ec7a-967e-4668-9d39-cad08fa288a5,306
85fc05e0-804f-4452-99f3-f72735978292,7599017a-68f7-4ea5-8273-7d6b54060372,143
191ca9a0-7430-4c4b-8ac5-0c22d42a9392,75410149-6dee-4a80-9b31-ffb1f3308949,1134
c4b978d9-568e-453d-a6bf-59e409846eab,75454d00-9194-41a1-8a2c-c8cf4c8ffe46,2805
e161ea31-1238-4b26-8cc9-663ff6f453b7,015fd973-e8b7-46e0-b600-cc35d5e95662,9994
aed3c8a4-3987-4591-a429-1129ca5e0a45,8eedab5b-7b2c-400f-98ea-f06b17c2bedc,632
b280ee0b-de0e-4f76-8505-acc11568a30d,5d8052ab-074e-403d-95c5-20eb27367297,3635
bfc4d578-b9d3-401c-b121-b512b8929d18,6d8d3108-240f-4bae-aa1c-91fd7ac381da,1769
d2c8fab9-bc89-4520-b227-056c2d2c18fe,a8d9e22f-e3a9-40bf-b450-bd16aca34709,5074
0cd86edf-d9c8-41dc-a442-8572b539df9b,959b48ba-c06d-4203-9b3f-7ba5662bc016,8010
984d49e1-6f69-4b9c-b5dc-30d3647b795b,5a954e50-f3f7-4fa7-8912-f4bca74b084f,3478
a71ccd6f-01a1-4349-b135-9443066d7d06,d0f3c000-ee0e-4bcb-a702-e8c5d9bc90b9,6221
3380754a-3d46-4786-be36-15526c1b469b,f755b109-63ae-4d58-a919-cb8f7136a57e,3447
f5ffef5c-b2bf-41f5-b97d-d08f126a6adc,c2f2ba31-b859-4bf0-9536-7ad5849fa89b,7338
76394c69-bcc3-4615-9182-41c434d605fe,d45a6636-1cc7-4a27-8f6c-4b8b3d06dc59,6568
c5d49ed6-d113-4978-8f7e-1422f3cd8a82,eac45683-e1f8-43d2-ab28-b7ee1279f682,8143
02f1d7fd-a42d-427a-8105-0cbf039f05e1,73dc7747-624f-4adc-81f6-b54257598a9e,4464
b3539c90-027f-4408-9fd9-b9958ccd34f5,ff23f65e-28f7-49fd-8e82-93583eef8e87,9289
c775b8b0-2d26-4912-bdb5-4958c1c38766,e75a4683-9365-422b-83fb-2c9bf552bf6a,7843
9e3f7bb6-ce73-4900-968f-758debd6a301,3f5a2468-f041-467f-a83d-5d55b7eff929,1069
e734584e-f79b-4f8c-acee-85f2150788d3,c8f4df9e-8d16-491f-acea-c60df54b6958,223
5a09ef66-0aac-4c4f-8617-19aa467b2e40,dbefb7a7-e16c-4fa3-b6d8-cf12273ca4b5,9368
e3f0ea43-c38a-4e02-9b38-b1cc4a66f937,9866270d-83cc-433f-a937-73ba4a87ffb1,9410
4b051cfc-9f0c-496b-a84c-9e74d139880f,9201914a-ca83-4aed-b069-6d50ec21f625,5209
a182a815-df87-4ead-9b9b-5a4bd24ebc46,d61e4bba-e225-49cf-84dd-abf01904dcdd,3782
71f67036-19df-41a8-84a6-d1cfff6f3985,9e94343a-4922-46db-97ca-88f7188edbc2,7369
40229099-7878-48d6-aa22-f7b561fb934f,7e5dd92c-f091-4539-9538-695d8a17d243,3154
ef662178-075a-4066-aa64-3f4fa714a11c,b1715770-e1a0-4f19-8771-f5defa3ab84f,1868
93c1fa6f-7bc4-443d-8d53-3592304aca7a,e0753f17-d803-4157-a629-5cb7fd915f94,9576
f998a5b6-db93-4e24-8705-754bc76a5589,79223714-881f-41ce-86c3-052816a9ebf0,6824
c7de5b19-c336-4f82-8554-174fd540bb31,2bfc8867-c0b8-4352-8b1c-fcdf156d2eb6,8200
d9ff36ee-c5b7-4f94-bdfd-62799de5a32a,a927c85f-7730-4330-a074-dae397ae51a9,859
b0c4d6c9-2b8c-4b37-865f-fc5cc8307bc2,607a8d17-d21d-4d9d-a516-916db40252ac,5337
cb4857a0-36ac-4f45-a12a-d99c007a15a5,dccc83e7-e35a-4483-9016-00fad9312da5,4544
9468e4f1-f735-41af-a54b-d494529b7acd,44f55dd2-95d9-458c-8636-b2b252070f7a,6458
c5328173-0ee4-4400-a7f7-9ec45c69efd8,3e25d0ab-20f4-4f8e-9aa5-b0d079b2dc59,4625
8121995c-07db-4810-9926-3f5a6e6590fa,01f5327c-71c1-4b9a-8129-facffcd4d984,1717
df76c0a3-8b53-4c90-88ea-d287f94befc8,3bacb262-7c3a-4599-b932-63d2d88bb9e6,6298
f12baa4c-4ef6-45ed-befb-2895493d13bd,f1053b95-0894-4fb6-a315-5c5cd0680352,6900
82345e84-4e6a-4ed3-82a8-c021c897b44d,789dd0da-f4de-482b-9065-c43e2b56f393,2351
a6c30593-ef77-4e2b-a509-bc4e3150de02,2608e46d-14be-4e49-8618-8f9b2b151ffd,4475
79457962-d46b-4e72-8146-e26522cd3680,b84716b9-b510-43f8-9bc3-146056376b7b,3696
3d46b34e-d557-474f-8390-ffbe217559ac,c6d44a59-95b7-4284-88e1-6a5e7ac2d042,9552
a125e7cd-d126-4350-8482-857371bdc799,42841501-f2da-4abe-b127-b925d2bcc73e,432
72b3cc67-4fa4-47e0-8067-99717dd1668a,920f316c-9bd9-45d8-ab98-cdfb79304b00,2182
c0c03a80-e4ea-4875-acd6-f4e7304930fe,471428d3-155e-4d2a-8fbe-1da2292e4449,6363
0eb5bc10-8c24-474c-9111-849f90c04e84,efa6a006-8864-4198-9e86-75c8ff04358b,3494
d6b1cd16-0d8b-491b-a213-7c61675be656,f9c8a138-2fad-488d-a9a9-656097504fc3,5297
b7821e9d-7893-482a-a9f6-e0790ba05fa6,a10bfd43-8d53-4a2f-91d1-63c2ca5948c6,365
f5dca46d-0cb4-41d7-9fa7-5cb5d1f69d28,4ce20748-0baf-425c-aa88-02d053315f02,1439
3fcbd72f-b269-429a-976a-850618929073,47fa062d-574f-4a06-9c88-bf032c353e59,2396
dd4f6c37-6008-4702-aee1-69d3ba2ebfcf,8868f5c1-63e0-46a1-80f8-ca0265571685,9389
e2358441-f090-48a1-84aa-69beacfb08ea,fe5174f5-238e-4957-9625-0745cf1ab169,3119
16783910-ad2b-49d1-8c1c-7c7a41b918ed,d1bcb39a-8536-4679-99fa-c084f9e197d0,9583
8b8e74c0-0f5e-463d-ae90-4e233d831888,6a2224bb-c0ca-41c0-ad22-76ee4d1600e9,6487
59812066-a13d-462b-8a67-8edf4c2b482c,8c144178-0db0-4bfb-8100-2d873320b240,4382
aadcf2e2-51d0-4f06-abbb-3b8aa30c508a,4c7b7697-2dad-4db5-8d40-37aa08997bdd,8249
99c35625-d654-44a1-affd-d46c0970cb59,9882e5d8-bd30-4d1b-8fcf-4a0470e95ef5,7275
5e3f3692-1d5b-4dc7-b9ab-85111fa9bc63,21964512-43fb-4804-bd38-129378e0af27,6440
4502f86a-9487-47f4-91da-eb81c3da5b0c,ee007cbd-b670-4e89-9cc7-3ac5165caf25,3475
82ed6c9a-aeab-4bad-9a1a-c193cd75a0bc,d97d077e-ebcb-40ec-b2aa-661d9b26b608,3186
812eea43-5b2f-41d0-8d4e-40e1ecaa0cd1,d9f6959f-6459-40b8-9163-385682e836a2,927
2391d62b-7a38-4ba5-9dea-75ca72877c23,42d59b0b-1d8f-44d9-9164-a1eb57fccf2d,7360
af08b709-a395-41a2-9790-20d22574dd90,8a43be94-f95e-4bba-9034-c76ece053bd0,6217
1af5aa62-6d57-4be7-9d73-723a5cf5971a,863c3217-c899-4ef2-90de-301e76b120cf,2626
51e0af4a-b388-4958-8e2f-41a67a85e3c8,a67b7922-9963-43bd-9140-7951d0093681,5329
b56f044e-6e72-4f4d-b173-c5a9da27e98f,52958804-fb6a-4d03-8278-d660f5f74474,2113
98ac93d5-8bd6-4516-b38f-c263f521ae3f,4c27f2cd-aa5c-4442-8959-c02bfe9a1de5,1632
6b902c67-6783-4def-93e7-41a478c96641,8ab65fb4-7e8c-4662-8263-cea7c301f573,6763
1ff7a3db-e193-4b3d-b4ed-27fc7875a044,82df5a9a-ac0c-4de4-a93f-664602258ea2,5523
070a3a75-d38a-44af-95c0-78db89925475,0848b127-6a32-458f-8518-d54436ddf78c,2225
009ee805-26ab-4619-ade2-e74a986b0f8e,0528edfb-8183-4cb8-9622-687859f2cd97,4967
b1dbd732-9ad7-45de-ad72-c2ab35f1aa34,ce659491-04a7-4e67-8f57-2e85e091407a,1330
8ff02aa1-209d-4913-90ba-900f6881df0d,11594aa1-ffcc-410f-84ad-9bee98c5318a,1757
4f6c0e7e-bde2-4349-802d-59b74b52ff9d,ad1a90fb-0fd5-40ff-8c53-89393f77385a,5600
de59e224-0e65-462e-846a-dedd70e7d3f6,501de021-3a0c-42c4-b77c-18ded292a49f,6850
54d6e58d-ab5e-4e3a-a714-51328e90f06e,b3ef27dc-20ed-4262-a53b-4bad9fe2deeb,8415
6aba852e-beaa-41fd-a2c1-aab09cd23d77,162dd897-a560-49f5-a3b6-6b85094c41d9,1685
2c2b35d5-a6ea-4bd6-8f32-d070c2d0454f,54a724c4-a743-47f2-ae8d-e83061a25372,1538
408f9f03-af41-4b5a-b1e6-99c13df381ca,38074b8a-9bb2-4fb6-b42d-3409fc65acb6,682
5502ee6d-b8df-41da-b7f5-d33a21de10c0,dd139579-941e-49e9-995b-40950216a5e9,948
e3a410cb-6dae-44a2-bde5-ef5983f96912,c2063259-67b7-4266-b32f-0709fb3c6b0f,2445
eb2a02ac-fc41-4e69-86d1-55fbaa07b95a,1d299636-e9e5-44b1-a59c-71635ff43454,2199
5516ef33-4e11-4512-a653-9ceb4f985904,b16856d3-4b77-4095-983a-485d7b075511,2177
f5b34643-0819-40be-8c2d-b0fcf5efaa11,76e0377b-fffa-4f71-a325-398fd515460b,4983
659fe2be-7745-4388-9e51-bd621a7cdce6,cc999aa5-8654-47fe-847d-6f0f9c12de19,1880
484df5de-e1aa-4fd4-959c-dcfec3d11281,c791fb0a-2f53-4ee1-b338-21f7f7179c78,2278
ed0c724b-89ab-47ed-8121-25b8ff4c62f5,828312ab-2001-4238-a424-e5c9e5a2f609,8712
98698b33-929d-4488-908f-490a9bf6d009,932fd5d0-370f-4bcc-b3cc-fc8a78062ead,4250
3d77f577-ba87-4235-93ee-7bb00736e213,9110ab4d-6ddc-4e2d-9dba-554269bc6f48,1591
d15340eb-927d-42d6-bb91-bd3b251310f1,ce783383-e5d0-46a3-a4c5-6670b0dc7f64,2797
1874f1ea-157b-4716-9b57-d100f1c5d585,c2b1fea6-6bdd-4f3e-85c5-8eaa5d17ee51,9275
acc3aad8-eb6f-436f-8d44-9cd80c931b8d,b522c162-f2a9-4d60-b975-6281a8b1ce42,9407
22798019-cf77-4e7d-bac5-455b5a50c2f2,e230bb56-8ab8-4f80-bb09-23c1e81bd8af,4234
53e63ebd-78c6-49cf-831b-6f55656df662,e5762168-bb5b-41a8-8c14-8fb0ae064d83,6848
868dd46d-2733-4c66-ac96-972ee2dbea3d,67dd2555-8bde-4b71-a871-53c0045c5c1c,3121
5e675e7a-8d52-47c4-96a9-157cea375915,c0c0b44d-ae89-4a53-bb6f-406198e7a4f5,5553
13ef7420-d216-4f5d-9191-63e9e06b8418,a8f50237-b8b2-4e09-acb2-65266d930f6c,2660
d778cd3d-f13b-40da-91df-e810ea0b04e4,4f30ad07-f64e-49eb-8939-5cd05e57402f,2936
61f00ff9-7368-4988-8cb6-79b1b5bb6aa2,7f2a6f92-5a66-435a-a613-2857755f8e4e,5299
ca51b51e-9ee8-4bee-9cab-b48237486178,ba639fba-da64-4ac1-8fbe-9c85810559d3,9674
320c2d29-9168-474c-80a8-2e06725b8171,155017d1-b8a1-49a9-a2f2-3b4c5a78ad89,6986
e50ed1dd-a195-4213-a601-1230ba8b7ea4,0d681c27-f55c-4ba4-92ed-a8df02e7b708,6713
94c140b0-40c1-4b22-b7f9-2fa516a5cb68,cbe3b63c-5e5b-4420-aad7-3a979a85e101,2781
96959367-902d-449e-9595-b75f1ab0db59,c41dc764-4ae2-46cd-a4ed-ef90b9251e0b,7810
f956d1b3-ac0b-4ed5-91fc-46c22bd9e26e,d7c7dae7-41df-4920-8447-7ac60cf58fcd,5895
850a1d70-bf42-48e5-b695-878ba0903323,ee967359-3e74-429c-a2db-cdd8181af003,4347
f220892e-3e34-4347-b806-3fb4daae2c79,17d28ad8-38b0-4354-a4e1-a727c9848fdc,6470
789c7af0-3ab0-4a8e-8bdb-2e4a893b5677,df361990-7629-4633-a919-6a66d81a2fa9,7727
019a52be-c6fc-4bdd-9ff2-c028cd98f29b,9adf3843-6d37-41d7-afc7-ad2da7fac5c4,8242
015eff33-8c47-4892-9df2-379347ec86d4,9748a2a7-3d46-427a-ba0e-b5214c2d3719,8860
455d7640-b525-4dbd-97e4-1828a42a0512,8bfbbfaf-b01d-43d3-b623-714b04cd2d24,6523
bc46e45a-a485-4e40-ab39-03675231bfc0,0fe99df7-4809-4675-b6f3-11fde41bb8f6,7185
967691af-1c85-434d-a76d-51f7a24b4843,8df56075-399f-4da2-9a77-89a5e44362e8,4720
0e441d2e-3976-4468-be6c-ae1f51f88d9d,e91da066-8fef-46b2-bbea-c6be393b88e6,943
e2bea206-2813-4475-a206-b867b8975c75,00d58178-528f-4f1a-afb0-bd1d062994bf,8234
5d90b95e-22f6-4d1f-8c1f-a95f3a17e529,932e046b-5a8d-4a17-816d-fd342f97b1de,1175
4b44d2e3-5d32-44d0-99c3-c2cc3a23c35c,1b6a619a-b938-40df-9237-305dce36afed,4210
855a1b58-4c54-4c2e-820e-6a192bdbb84c,e3458731-4de0-40f5-a4d4-e14b2b5a22ba,24
2752df9f-60b1-4d5f-86c9-1b6649acfba5,fef2bc72-33c6-4572-813e-f7ce264f17aa,5748
d1b88143-0306-49db-831a-c62cbec7e635,fa8c72ec-b921-4de8-9fb6-5ffcd5b47234,4300
5171fc2c-1ff2-4b16-8f1b-a6de2212b678,13d76dd0-4746-45a2-a954-05d5258b09b8,1446
2f5687c7-af51-4d79-9a38-9eef5a3c42b8,1854ff70-e77b-4d15-95f1-0fc3db1df0a1,7617
d5306f54-b0e9-455f-bbb9-0b3674369b08,94cac68b-b069-4ba8-b91e-90bf5a758774,9614
9a851c39-73d9-4dc1-99b1-f753ac9410ed,193084c6-0ed3-44aa-af94-315c06fbd43f,9006
860b8211-5d24-4f5e-abf0-d218f206f485,5e166ca6-6bf0-48ab-bccb-9aa579ef2bb9,5567
0f2b4fff-2fa1-4eef-84cd-543f8eba35e9,6df9dfa6-28e9-49c4-bdfb-29b317c4ec08,4815
8335e2a5-634c-45d6-975d-7d54e0fdfcbd,1138ded3-7f38-4bd7-8ede-23057f2d767f,2453
2a902569-34d6-4e7c-87ae-61ba1c9f77f2,aba37933-b5a7-43e5-a532-8b0eed4462ac,4150
c1e2c5ce-c31f-4cbb-9f60-e9b8a4d95c3e,1672a6bb-89e5-4dc0-a79d-f160204b12e9,8760
bbda18be-3eb2-44d0-beca-0ba225565ba8,a43c1e7e-b841-4a43-9087-7f156380b541,1117
1096329c-d752-4d25-8324-2d3746897b0e,c0e2496e-869a-4822-9ec5-37366c0f949e,4076
e4b52368-31ba-488b-874d-45016d0f5a5c,f3ffa91a-ae35-4276-bcd4-a720f609122c,8328
5845fa0c-0a2f-466a-813a-a134327d9e73,b72d9553-7a24-4b3d-9431-84cb6e604a66,8057
9a2a756a-9fc0-450b-8c76-892a4186d7ce,5ed8a31a-67c0-46f6-946c-83cc95825686,4706
e0e0de28-9a74-488a-91ce-d47da68870a2,a27a3288-05b5-418d-9e8b-74dae6882ef4,9686
1eebe296-0f88-454c-ae3d-defacb236eb0,117a4f3e-b817-475f-8f15-14964db5adbb,6408
9fd3e1c2-ab92-4841-b0f8-bc328bb8bd8e,fb51841c-3174-4ff9-b21f-559102580a6b,4268
333ffee6-76ae-4f2c-9eb8-1e721fb3b42f,92c0ebfe-e46b-432b-b1e4-47fc9f9ee74a,6434
04f0b513-97fb-4150-b12f-746bf6645408,4ad572ce-0a5e-4060-aea0-189fc80f42b0,3086
73d7a6b0-f8c2-4204-aede-7344b23cc836,c9c44c9f-0dcb-4dcb-9be2-eb577e06e868,7500
071d81ff-db9d-4ee3-b7f9-587414d352d2,b9829356-685e-42da-a2f9-2907e273fd8c,1039
22ea8400-13ab-4208-b218-cefdefad5551,2f6ea294-082d-43cb-9cb8-f12cce57b2c1,8065
3c0627af-502b-48b5-8719-dcddb26c15d9,c0182d22-89f6-48bb-9ee1-ee16233027bc,9813
5ca81a7b-d2b8-45e9-a13d-c29ab30d8008,f3d10e0f-dbec-43cc-9787-d47aff323818,2619
40ecc283-17d5-40f1-b6d3-3effc0d8dc19,99522d0d-0d7a-450b-9212-acc51eb4ec31,973
c42eed89-ca94-4dc3-9bb3-55ddc0d93117,e149464e-0d04-4746-a646-dd59979d1bdf,7863
f214a170-f1d3-4102-9609-0f090097c0c5,5abdf403-2310-4963-8056-c587efe60008,4406
48cd1689-3c4a-4c4b-8de3-dc2c09ad2248,b8cc2738-f8b6-4abd-a5c0-c1084308d57e,1135
88b954de-9254-4723-a8a8-8672dec0fe72,88b17f7d-bf82-4437-9358-537010eebf7a,797
7a0bfb55-df2d-4525-8885-f5b64a60e986,5291210a-d3c1-45ec-aa84-65d713c994a3,4417
50c528fc-81d4-41a3-933e-b1781121d8b2,20e154ce-e27f-464d-b5b6-17cf3be86a9a,9019
91a7494c-5049-43cf-bf95-be8d2840241e,854bf941-ba44-4f7c-8479-3211db66880d,5562
786157b3-4ab8-44c6-aded-3fc4246a19be,e73eec78-1e9e-4f81-a281-080180de819c,4455
a436ba3f-ac35-4d2b-b180-9506f27ee8b1,df91c863-9d76-4ea6-afed-2c9677abfce2,8973
ee4dd87a-974d-45b4-bc65-2a6add9fc955,109ca2df-58c7-49e5-b6f7-6c9dbb6d788d,9330
c6b16581-4d63-4812-9c57-f75136d74591,227aa4fd-39a2-4eee-884a-417399cf1084,9042
7b0d0676-850c-4031-a5cc-fdf17e3fcba0,7b702a99-ab12-4d3e-981b-2ac3b451b234,3185
fde44ad7-161a-4551-9d3d-b937521969dc,9e4233bf-e434-41db-90d6-5d168a6350ff,643
225359f7-8eec-4abf-9b37-eb3025976b5c,1a3e7381-80ed-42f1-a5c6-7dec13a9f946,2866
f412e74f-b811-46eb-8a67-66c4b718bb28,0501e0ee-81cd-4004-ad8d-357a5b4359a4,2524
3a040256-4039-4662-b3bc-d5c70706f33e,9d10fa6b-1660-4825-a1e7-943254ebe3d7,23
47401cc3-5494-4152-b242-78109b783878,91a01a84-d206-4997-9463-1fbdb31a45e2,8542
12130555-7f85-468e-ad38-5002ec2a17d1,1e8a4121-bee5-4467-9eab-bc8809901b46,8638
6e7a3a4b-14ce-4037-afcf-ddf57a2a0be6,479403fa-f731-4720-bbd3-b90e5126cc41,843
1f59d080-287e-4e97-850f-fdf6eb43440c,32698d51-619d-425e-8b05-31c7c2d4349c,3358
2caff54b-82b3-4d78-90fc-f998ff4d2463,4711fc29-e976-421b-bca2-58b09d68694d,4767
9e67e5ff-7023-42ce-a90e-2a96480ed8f8,233e7912-2ace-48d4-853d-20fddc660b42,2307
777e3753-0905-4aec-943d-2837f7adf69c,d646bff2-b421-43d3-974b-9d838e8f2487,1820
09cb2609-643b-4811-ab2b-65a919022be8,21768ea3-7f5f-4469-9878-8b62dea4a2d9,9073
40bc44cb-ba7f-4a04-b1fe-6a9c058d8e45,19da515b-d7b9-45be-8642-cc54b480a8ca,8645
89452f93-f036-49ca-b585-baa9336ca349,d4ac6d87-fbe2-492c-92ff-cfd64df965d1,4920
5fe86416-a6a8-419f-ba2f-d91a59784314,9a8a146e-14b6-421a-aa38-227b72791b13,6727
a80a3b70-a366-42bd-bac7-3ff0a36439ce,63edf4a6-d584-4f31-8d33-4e875a05b339,316
be350e09-f8b4-413c-b394-13de89557a06,ad60fc8d-1ea7-4339-bbc8-00a766a87888,1550
3712d6e9-0aec-40cc-b74c-d76b878808b8,e719ef05-81d2-45e8-b1c9-b142cfbd4cc3,2198
5c41ab0d-9acc-48f6-9df1-acb1f7dc3876,3d2d5350-a028-431d-880b-becd36191bf1,7608
b2f2dc7d-7e3b-4207-976f-687171ae5eb5,d745fa8f-f42c-476c-b0e0-74f1e76d5c56,8140
037980ca-71fc-45d2-b187-98ae3d4489a6,82f53e2a-8f64-499a-8c41-79c783374b6a,9949
820fa5fc-dd60-4dea-9c5c-051d1a647b67,e17f2634-a07f-447c-a904-00ebe6eadeaa,4850
31cdaaa1-9869-4391-81af-118f297cc2a0,394f740c-0230-4b67-98ad-032f3a19cfa1,4550
edc42929-fcec-481f-88c0-55d3fa5ab5e8,96b33654-2dca-4de5-b039-f4fd717aa294,8906
d54560a8-b0b2-4489-b23a-150b529a2b42,9ab40631-58d2-4cc2-a59c-8ee5967a6243,9158
7d871387-42f4-4028-8924-20ec6ca42301,4ca52b46-30f7-4fbc-9953-35342b2fb508,410
16e8cb5b-aae0-44d2-8e0f-2aaf47b984bb,8f5951c0-19b5-475d-a6df-264ee561da08,1939
66675784-36be-4fbb-8321-da157d2d8bc6,645a6b5a-ebcb-4100-a5d8-f622524e339e,4976
94ec485a-d22a-487c-a4b9-9ffc5060cf87,1c8e392c-860c-4f6e-aff4-f44a23d70913,3301
e4feb3a3-770a-4510-82c0-948149d82b64,2f5e3d8d-f6f5-41f9-b49a-d1b5a5163457,1895
14745b80-eff3-40a1-aa80-8a12ef4c899f,9fe90960-ff3b-4456-b830-5e9cdb828d85,5255
fef13c9d-3ad9-4b89-85e8-120e5cc9941d,abb4eaf7-a900-42ff-a29a-08c9123ffd02,8604
f4bf65df-ec21-45d1-8a8d-53cc11dd5128,cbf0b6d6-2965-4e36-b4e9-b51640c54e55,1471
d51167d9-5c16-4449-949b-14a1fa4832cd,bf88898a-25bb-4c79-a408-3a8b261ffe2d,3882
0068bc3e-ef63-4468-8c8b-314745477845,a2fc7374-747f-49cc-928c-0a8183fc48aa,4530
3337563b-e6d0-42e1-bd72-402950e5273e,ae7a820a-15a9-4d8f-8c29-3d1f4c573be9,5402
7e466fe5-e92e-4ae1-aae0-5362595df7d2,14c1ffff-bf7b-4855-a512-364480d300d8,2555
b02be73b-6c27-40ea-a0a5-0ebe63bf0592,139b3172-1079-424f-9d15-3c1ec81c8d05,111
130fa6ae-332c-4e19-9068-6091939b29b2,3b4865fe-9a6c-4cd6-88c0-a992131c7d63,736
5ae63c55-8a58-4dbd-995a-ec7a097c56bd,f3f723c8-1589-4910-b72e-26b0991e31b2,9293
36f7fa32-2ab1-439f-9d14-11e8c2822fc1,f38f4fc6-b7a8-4c4d-9aa8-32c7aa771d60,1027
9c4d317d-ce55-4e74-acb0-3cf9290fd705,618ed2ff-2c8e-4571-b746-acb7cfe46426,5633
4cee62d2-f90f-40b1-89ec-5e54a34dbc70,a93b4789-e8af-460b-b23b-dfa1b178b831,8236
c0f5331f-7ab3-4bc1-a93e-8c8d97ebf4a9,cc05f4f4-244d-494d-9c9d-f8a48fa22239,1823
060dbcfc-cf51-446f-9d2d-8fc2560c2a51,5c34d52a-c073-4b4f-b8c9-a9f338d16aa4,4381
37737499-95c7-4896-8393-b991abf30ea7,59a1df09-89c3-4271-9658-9c0ccc03ec70,7383
4303861b-ed2b-4bae-abc6-3b4bb1c0f889,d71dcd2c-263b-4d71-bf2a-844685d9b27c,8148
ecc2a64a-5b61-4bf5-87b8-dfa08aa8baee,d1d7bbf7-9e98-4ca1-8071-ebe5ae7c8cbb,4197
284e9d74-4f11-40c3-a2b2-64cf25982636,e04965ff-9c2f-4218-b220-58a69633ba66,7956
c02352f8-6171-4b27-acea-b409e3f2f46e,5c85c154-60c6-4c18-b043-0c69947523fa,9478
eb4874f3-22f1-4e3a-82dd-2b4f928aadf9,733aa11d-5448-483e-94b6-2d8e8fbada82,466
cf80bd3f-695b-4d17-9765-4b4162175c45,be3f229e-bf57-46ee-b6c4-fee18f7778f5,2724
88a2f7ed-38c1-448e-b17d-982b0244bd20,9f8e28a2-ef32-4719-a47f-56313e99c47a,3434
572f1d2b-5c26-4a6c-83d3-a17ce3ba8b15,a3c47cd4-2425-44aa-a7ac-75ca3d3ee845,8393
2aceb6ef-0dda-4344-877f-b9937b71f2e2,161e9cc4-4e32-44c8-91f2-bdc376f9cad9,1701
7ee829f6-26a8-44c5-9fce-cdaa6260df52,1b92da7e-88ed-43dd-a5f6-39509da31db8,7678
108834e3-0386-43a8-b03e-5192046b726b,f2cd8dfc-f789-43b4-b4c7-9b253cc8054f,3506
93bda4a7-e74b-43be-a1f3-a68adc7ad53f,7ae871e8-a9c2-46e4-a310-b15a4eb0c7ec,976
d80b74b9-0d7a-418a-8364-887b4c52c77f,56373608-6713-4306-b3ee-ea48bde6a2e5,2915
35c1a9f3-87ff-4ed8-ab0c-e60669dcbeb7,84a2c939-b035-4148-8150-436b1ee39084,2495
52d34c2d-2ed8-4f7e-a038-4a52b6045e24,77f8bfa9-ddb8-44db-9448-c305e9b5b296,3429
c25e11cc-cf71-424a-9f37-c879a8d78b61,59c0a79a-d88c-49da-9e22-9b2c00f57ffa,9676
74fe528e-98c7-4c21-8c15-8b5a5b3eb9e3,50712c5e-11b8-4ead-94f0-87afd5fc2a66,8903
eb480d54-52de-4434-91de-58673a863168,aa0ad482-ea18-4e81-ad96-8b3accdf4b0c,1583
2e2d1344-4234-4b85-9990-c17a1225fa68,8c120613-f597-41de-8daf-d5d97b89164b,70
0cf20f1d-5f61-47b3-aec7-c8368aeb82a5,40fc2536-6fde-4506-922f-f16c111217b9,6417
726d2b60-61c8-4aa1-b3fa-0b0060639a2e,2f998bd3-f8b7-4b39-ab3a-16409a3b1936,9209
1127035b-c874-4f6c-b336-c0f8446412d6,ac4ee021-76ef-4c0f-af09-9f5dffca34ee,6330
766556da-78d5-4184-86ee-a4e152c6735b,b7a1c96b-16a5-4ab7-a869-e3dab7882c9d,9854
7d5770ac-e841-464b-8f63-e036ba19c0eb,214a0e4d-b865-49b3-88ca-5ed5f2d310c5,7442
c0233b0b-3261-4dfc-9dae-252fc424aa12,7e3ea1db-40f3-43b8-9653-80793271f6e7,9101
0249ca5c-3c4d-4109-91fa-eb544f9829f4,1a85aadc-06f2-406b-84c1-a5c5d40be9b6,3913
df6e62d4-13f3-4f4d-b3f8-94cf8a24c6ea,85b23200-a1a5-4f45-ba3e-7a4cf23a2a99,6498
ebe4a71b-5495-46aa-807f-fa6adad2b2f2,97ccba10-d8ce-4dc2-aa26-719a7c3430bb,1729
d5f5066c-1dad-487c-9b8b-2330136e9763,8e948c40-37e9-4429-b6ca-fdbf06b1811a,5240
e5156ff1-5dbf-4139-a78d-a7e12a72eafc,b9f3338a-6bae-4957-b6d8-9d3850085872,453
aff24583-8a13-4474-ab02-224a86f8ff21,9e92a013-7dcd-4862-acac-93cbd56f8d09,7407
ffccf63c-bd29-4572-ae40-68fcec97551d,279953ba-60cc-41a2-9f12-2de7365f318e,7787
b94bcbdf-92f1-453e-97d2-5632b431b0bd,b274c7b2-021a-4a0c-8e0f-d2ec3b163a18,9172
8eaf14d8-a127-4ed5-84af-980a8bedac2f,121f8df7-2e6b-49ca-92b2-884c412634b8,2726
7af5fc25-9aee-48eb-90c2-17510bd72b63,6611c153-a15b-42de-8406-683ab4514381,7857
a1c2b6b4-57ec-4479-b37d-ba1daab52121,f915a704-c503-4010-96ed-45a36bca4b51,4597
80f2ba9b-b4a3-416d-8bcd-c8aadc2f6279,1aa340cb-4d0f-426f-97a4-e9fbd8afe1e6,142
c75e8d06-5a91-46c7-9e97-0f54d6a98957,f4414fca-71fc-4a42-9314-35922c2b1b36,7308
a1531231-9250-4a8a-8b28-9918ac17805f,5d9f7d19-e935-49bd-973d-54a26c9a8bcf,7298
3dc90b89-e633-4656-ad75-2c5f0b6e7203,7f19a98f-6558-4522-af40-d12a7cbd9fb7,5112
81841f77-a1ac-4f8c-9d95-e396a93a0b15,c0f21b7d-9158-44a0-83d3-0aed2c22764f,8476
a34c4727-e334-4ca0-9f3a-dbb98258fc0e,1b7883af-d110-4422-b65d-19ff33383718,4673
03f71b35-360a-48f2-8706-ce467495d63a,1d6902c7-ada5-40cd-86ff-1d5375b373b5,3090
3d1bf49f-97f7-40e1-8151-476661b1b9f6,810205b7-48c6-4c90-b9a2-1a44fb86f50e,5015
de29f13a-773f-48cf-9819-b5f2cc493198,83098b14-c589-4740-913d-b7b2da56a2c9,4079
f330ef52-bf0e-4fc1-a598-64104dbaf434,aaea4b4d-ddfd-4024-9b62-c74d3e74d82e,1980
1e589de4-76f6-435c-8f92-33ede9ae9f01,c2533ea6-f368-4386-96ed-95462f40e77d,2570
974fdd62-2582-440c-bfad-c31bd211ac9c,9b6aaa9a-cedb-4f06-beeb-50f99b636af0,2169
70e9b21b-9fa7-425d-810a-c381b7c47daf,f7d7e246-26f8-4f10-b288-e4d9021c18d1,4872
b541695b-96aa-4e4a-9d67-55784b2f5636,c2e3dc07-ead2-402e-8b39-333062a1ab54,4116
1b7eecdc-0dee-4428-a20d-ec6fb1d52192,d0c618b6-50d7-4f75-bce6-8bd458859bf6,6484
75549861-44f2-449c-a506-a1a27a3c4a7f,8e13418f-a5d8-4c96-881f-9301c7e6c7b1,1481
740ee54e-9a1a-4419-8f22-a68f918969ba,b7ed4ae0-16e2-4c74-a4af-d76859902855,9718
a07fe49e-26d9-468c-9bca-89a63b9df598,92277b58-9a54-4438-8f81-90c64c46f0df,4301
be7f3d9f-1402-4277-a786-8e8789643e41,cafdc520-dba0-46ee-88e8-e5a26491e662,1726
09ff0b2d-5450-45d5-b64c-1fb39d4d67b9,6cd28258-b6c2-4332-bf40-3f9119263817,9837
87f46ee8-2b94-4064-bcec-686fcf54bc20,e8c79210-eeb3-4376-8c0b-d27bdefd57a7,3822
bd368b7a-67e2-444d-b9bf-ba58d9b1effb,64466e06-939e-4498-be98-96ad167704c9,7764
f6d2bbe2-5637-4a66-86ef-01f8b571b852,6e70ae4c-3183-4328-93db-58bf74cc3dbe,7071
4d2c4ec0-4840-406d-919d-e8bd4997c90f,e73e45b6-bdc4-42d9-aa67-25a85a7ee02c,2723
7be1fef1-6efe-4f00-bd07-cbc3fd2ea070,1bfaddd1-5324-469e-91b0-edefa085497a,8460
e095ad24-c277-461f-bc29-f4559a162396,877df310-b658-4ef1-a4a2-2e6efd0a0845,8063
6e7c3b5c-1342-41ff-b97f-2e4946864a16,e873cabf-d293-4e01-abd8-582b4befc26c,2740
61e11d77-9887-4aef-b253-be610b440854,94b88981-a1f4-4433-9d84-0c92e46ea857,1267
00c72b98-8ccf-4778-b060-51571415169c,0d8f2b57-4ad5-4d05-87a4-61fab500d49e,6684
e46c503d-aa08-41e0-a0d9-14fcdad6969c,9626cae8-3a5a-4524-ba67-953af5975f60,7745
66ec7179-2c90-439c-96dd-ee8e31bd57e6,ea7ac939-be18-4b0a-bfc2-346f64f3cd74,4114
a1feead6-9175-4f0d-8eab-2cdbffa2720e,371096a1-08b8-436c-9163-9f68adb6b421,6499
a9a17b38-a3fc-4054-97fc-9032897af4e7,58904b1c-68c8-4a10-81c0-dc2d778ce23c,8647
f65ea3ec-f16f-4336-b879-846b8bde53d3,709b7393-bc63-4230-a5a1-0c7e789eb0ff,8655
6171eba8-c0ba-405c-a743-35fa3a1b4541,03b54e52-2ef3-4c6c-8f7f-fd1cb76c37ac,1818
6e459cb4-5311-488a-9eb5-4e6b3e0ab598,a5c88b5f-a900-4fa7-8718-504b74273796,1173
7bcc7566-061f-47e1-ac79-7ad2e4a0e1f5,dcb7ed57-0f22-4ba3-922d-f070ae647ad1,7722
469fbb7c-d836-4eb3-89da-42ed28fac12b,d0d58dca-92d8-421b-a563-e01d35626fad,8195
ad9918c0-b013-4a84-8c9b-39c2ac351f04,b9e0e40f-6f43-415d-9e8a-a58887037463,1549
10e88b55-1ad8-4d83-8d71-c0f18fe3d0f6,bdaeab98-9819-4d57-81b1-097c36116c8e,741
6b1718d8-3f31-4354-9136-aad3d21ac121,beb61f85-78c2-425d-989b-568e93b7d0f3,6962
1d7dad7e-e999-4c10-b95a-8e32669e4803,ccaa4ae4-0510-4fdb-8466-817bae637c9a,3756
4891035d-c482-4d58-942f-94b82d8aaefc,4be8db4b-82ab-4c69-aed8-04be489bfabb,7095
20c80c6f-2584-464c-8ca6-7260a31e2804,4222e2d9-1fb9-4945-8c7b-a7d01af17751,6793
8c1b8c0d-cf8b-46bb-b907-06fed813dfad,76e7ccec-6672-420f-b344-27b717046300,3179
0036375b-2571-4d1d-8613-40c5bef58746,64f72281-5f6f-4732-a988-cafa20ec3cb7,8564
df0ab01b-c00c-4ba7-ae93-a3a02c5e7afe,6261e48a-8a92-47f0-82f2-2f24828da945,5461
9f3bbcf2-afeb-473b-9bb3-04cfe123c061,14b70b26-61a0-4171-9456-aa9663b7918e,364
4b1b8d77-ea86-464c-bce1-c92b517ac221,8a0e24c5-cfc4-404a-85cf-444f77944be4,435
fdbe5cdb-3920-4bc0-b2c8-587f3bd67317,92f7b0ac-82f7-4585-9edf-2045b6bb9a63,2001
e87b33f9-8aea-47d7-a81e-ac17aa367c38,b69f9589-ec9b-4207-bead-e56a8b192552,9909
0d056b77-3bc3-4510-b384-1cc804ad91f5,70084e5c-b496-41ed-9595-9ebed0a35491,7433
7ab35553-8fd3-4346-aba6-0b7528f8fdaf,6b2238b4-2692-433f-af68-31ac9e3588e6,5906
670fd41d-6bfb-400b-bb89-7de5305caf57,dcb48c96-b208-49e4-b705-03c4d8cd2084,5446
b7f06954-a1c6-4fda-97bb-5e7814040f0c,2ab89962-71c1-4fa5-88e0-f9844ccaa07c,85
976a4791-0273-4c62-95dc-2e0256c92f80,88a94d93-69cb-4e8e-ac5c-ad0c6c002f53,8334
8f20d587-6be2-480c-96a5-b40abab2dc9a,628ac0df-11f8-427e-bbc1-5f23ea257185,716
8f89ba9e-25e8-4006-b4a1-a2637664fbfc,17086663-cfce-431d-9a2e-90d5be46bc62,789
edf5175e-f45d-4152-97bb-3a326bbe44da,fc7f9084-1e74-4589-89e1-d391c335dc4e,3780
2291fb97-ae71-4c5f-a928-014f7de8d38d,05512359-12f2-49cc-be5a-b35ebe08099a,6945
d4baaeed-1b86-467e-b2e6-97c6e19ce3ad,7cc81235-0671-4855-92b3-6c04b7ecc1c7,8766
e02ac431-a9cc-42c9-948a-d15e5ebf63c8,a4534ef3-80fa-4ef5-b3bc-34dfffd825ea,4137
37c83a56-f4b7-4d28-a9a1-06d68a18fb76,062e63aa-6ff0-43d9-afca-39f5449be669,9052
8748cd63-1efa-4989-9c10-7287f71700e5,2eddc415-d604-4d04-bea0-3585ae4fc867,2650
91108da7-3f44-4be6-9c61-232d431caf20,420c0318-7297-47be-a7fd-9cb48128ecaf,94
268cfee7-ddde-42ca-8bb5-494f2a1f6ea5,989ec118-01e4-4feb-89ee-580ffa3782f4,3352
18056f4c-acad-4401-b933-f7d90fbf7205,4b581fdc-5e22-448f-822b-ae5cede0ea6a,6931
78097866-08bf-4569-9439-dda0969f4148,975de28a-731c-4303-af27-f98e368bee19,7750
dbaea5c5-43fb-455e-b011-57718f96829d,62dac9fc-cd30-45ce-b31b-116149490b4c,6974
905751f3-746e-48d9-a7c8-54e64d44f6ff,19f67e9e-2f54-4c60-945f-2da4a5e1b9e0,945
1b922b2b-c157-4ed2-b912-d194eda27a0a,a614f05c-9e06-4ea5-a7f9-71e4fa0bdbf2,4639
6df2bde8-1791-4aca-9560-a3f4a78da62a,371b8eb2-a25e-435f-9c8f-333773c9dfcf,9680
995f2130-ccea-4f47-b6ef-466bc67f761d,31788712-ac3b-44b9-9b47-a1128405bbd1,2535
2c6fdc4b-ba45-4439-ab39-8f3049695409,a02fb385-cd94-4979-a11f-39a81da2ca83,6383
ead2f6ad-af97-4cb1-84e6-5bec5b59a4a6,5b5c3552-f175-446e-bd29-f1755ee94b04,7386
47e81908-3f62-42e9-9e7e-045b2bef14a5,9527a076-57b8-4253-ba61-454a1dc326e4,7394
26e99dff-13a2-43e0-8274-f33aa71577d3,6c8f31f9-ddb2-4987-966a-76c06ddf4500,9952
87c2b90b-6f46-4618-877b-3849d4b1a408,075b802d-e779-4013-bd9c-a72e233155d9,912
e8bf5e41-144e-4fd6-856a-759bdfdfef93,794ae6f9-408a-4d50-9b2c-35799d1402ea,2277
f2c5bb23-39e3-4022-9eb5-0c21f23dbd35,8dc6061f-72e9-4137-ba2b-df717cbc99ce,5171
da3cc92f-6fbb-4eb4-8cd5-5e64aa5a8ba1,3b6762f1-0e66-45b8-b067-dd652a7f0945,8109
0c3f975d-096b-4be4-a70b-5f51e4a8183b,ea01860f-39ae-46b9-900b-fff0c8a95cc8,7209
d0f46969-7143-429f-bfcc-9b9a4a34ca6a,7d8dc83a-341d-43d8-8cb7-39da2e9055ad,4256
31072b78-65e0-47d3-bf5c-19d48d0746c7,db008b1d-23e1-4f15-abcc-ffba1344c346,7102
42d59d8d-b115-4b62-9e41-e36aea3a6317,180a37ba-b815-400b-8bc1-d2465ff91956,8912
5e341ec5-ae6b-408e-8011-ce0149f4efe2,e1e94594-b801-433e-98ec-2a2b4a0842c4,4772
0e02693d-9edb-43c7-a0de-daa0b15f4a53,3a49f3ed-c805-4025-aac6-ad79f7d8d8a3,1224
41c4886d-7a24-45e6-876e-0eade0f0c183,4b767f3e-2f42-4600-8f33-9dc26a2272d8,419
68c0876f-da7a-495b-a292-0b6eb0288d95,c982cf73-8203-473f-a653-139dcf03078e,6056
9e5da418-43da-4173-b44d-22baddc90101,db8a9844-2221-47a0-8550-ef0ec21e62e3,1158
9d148b3d-7608-4631-9dca-1872a012d86f,ef1c7515-045c-4a0f-89ad-7b833e542607,7527
4ac8e728-b90e-4424-ac42-4beb86772e4c,e6ae5888-2c3c-4bf7-942d-2e3e807e3cfc,9328
f4ff290d-7887-44fa-ab2f-d084517e9f4f,879bb8c9-a834-43d6-852e-98fc45467431,7113
440f7978-94c5-4e7d-aaa7-1124a57eebcd,b3982c6c-2e83-4ed8-a2a9-f406463a4894,4035
13eb3f32-f71b-4a9b-9644-c126cdfe2932,2b6a1d79-df35-4462-bd24-f1176140609c,1681
651bf637-0fe1-4ed1-be9f-535abaf9bfba,ce79c80f-3a77-4234-8240-66a00d65f80d,2008
535441d2-8d20-49e9-8582-6d03d7b334a5,df5041c7-3357-4a3d-bde7-1f0e976fdf55,4039
77290bee-c4af-4ff2-bfb2-91c77a0584da,79ebd1ef-7a5d-4438-94dc-b37e75324504,5729
c1c110d2-163c-4293-971e-c0de3f37f5a3,2513ce1a-c6fb-4b9d-87f3-a5d0e2905da0,833
9dd985fe-aabc-44ec-85ec-9b988dc656af,07557d94-5304-4c05-bc2c-4bea755463e5,7143
b9ef0d97-1cf6-4889-939c-9bc3bbb71e41,18e3ffee-5289-46bc-9e18-0a9769ab005f,3385
1ead754e-6ab3-46e4-a304-1510637ddcde,661e6ebc-a7b0-4652-9204-12ffe886233b,7986
e7bf3725-e0ba-4d6b-8196-5bbe31bcccd1,94bf4037-436e-4dda-badc-bd9ce90cefb3,2568
45fff4a4-0403-4b65-ad46-c5cb32f62a13,46c8e782-ff61-453c-b418-1088607d965d,1705
0e5bc754-6bd2-4996-92ca-2f0c7b409f5b,f59b9bac-7b09-4467-bbcb-a5a6ccfcb101,8581
f0d68ab7-6a62-45c5-ad1b-253fd898fb38,365a26a3-7d14-4e11-b41e-36b500b7c3e6,9291
f93624d6-0338-44ab-9295-9ac391d918d7,8ddfa55a-df1c-4a18-8500-4a7e9d07049c,400
1de162be-e869-4eb3-b993-954559901be8,b7f36ded-1dc1-49cf-a874-04cf8e275600,7116
9d55d724-67d8-458d-b554-25d8418f21e9,2a6b507f-e11f-456a-846d-d5d3b473a69d,1187
d65fa7b4-0a70-4aed-ad9d-d5d69e0ac007,ffd43f24-ef0e-4e60-af46-b2834fde66e4,7556
1913132a-8c57-4735-a665-3e77fe2a4229,65148a87-f87b-44be-aef5-f97ccb12e786,766
6f7829b1-998f-42cc-8b24-9915cd66f557,d9e9ccf7-f1d3-4f85-9a35-a5d5c4317327,7906
69d1cc2c-29a5-4caa-91c8-b74609b57c18,def34b86-c6b0-4329-94f9-f0a1d0791c73,3285
605a0b08-467b-470f-bd2d-74f71a31ad63,8d248102-a409-4e7c-a4de-1c234ab17079,6340
a94dc010-176d-4fa0-a968-d09c2b0df7ea,27beebd5-03f4-4bb0-aac6-2bec13c8e082,330
ca0ab6f7-7256-4409-9e5f-e47ac4ce0e6c,098f585a-5607-4a00-85d9-9f6724d949fb,5161
b0d83251-e344-4c61-8433-12faa53b6673,10bd49f3-839a-448c-b084-85fe6c18aa27,2921
5d8b0c84-f316-40c9-9ecb-034031a59675,60504cd0-9c06-441f-9a35-d3f05a91efc6,8857
ed41464e-fb01-489c-a1b5-3ce9bfa2eb7b,b89185af-e63a-40d7-bb27-29416326410f,2541
7cc8ecec-7a08-465e-8f83-bff06ebf8f6c,96f6d6c5-5ee6-40de-902a-6a6cfdc9dc01,9385